Student_ID,Name,Age,Gender,School_Name,Maths,Science,English,Social_Studies,Language,Overall_Score,Percentage (%)
S0001,Student_1,15,Male,Starlight Academy,89,52,93,65,68,367,73.4
S0002,Student_2,15,Male,Heritage High School,76,60,89,60,87,372,74.4
S0003,Student_3,16,Female,Crescent Public School,100,53,66,54,52,325,65.0
S0004,Student_4,16,Female,Blue Ridge Academy,57,55,88,80,95,375,75.0
S0005,Student_5,16,Male,Starlight Academy,58,55,86,57,64,320,64.0
S0006,Student_6,15,Female,Blue Ridge Academy,67,92,54,82,64,359,71.8
S0007,Student_7,15,Male,Green Valley School,67,87,93,99,67,413,82.6
S0008,Student_8,15,Female,Green Valley School,94,67,52,79,51,343,68.60000000000001
S0009,Student_9,16,Male,Blue Ridge Academy,61,54,99,64,86,364,72.8
S0010,Student_10,16,Female,Starlight Academy,92,94,93,51,79,409,81.8
S0011,Student_11,16,Male,Starlight Academy,92,52,66,62,66,338,67.60000000000001
S0012,Student_12,15,Female,Crescent Public School,84,86,68,72,97,407,81.39999999999999
S0013,Student_13,16,Female,Crescent Public School,91,96,50,82,74,393,78.60000000000001
S0014,Student_14,16,Male,Heritage High School,66,54,88,78,82,368,73.6
S0015,Student_15,15,Female,Green Valley School,71,100,93,54,87,405,81.0
S0016,Student_16,15,Male,Heritage High School,78,51,65,91,70,355,71.0
S0017,Student_17,16,Male,Bright Future School,79,97,71,82,65,394,78.8
S0018,Student_18,16,Male,Sunrise High School,89,67,95,69,52,372,74.4
S0019,Student_19,16,Male,Heritage High School,61,60,54,66,58,299,59.8
S0020,Student_20,15,Female,Bright Future School,78,63,92,56,71,360,72.0
S0021,Student_21,16,Female,Starlight Academy,81,74,86,56,55,352,70.39999999999999
S0022,Student_22,16,Male,Green Valley School,92,98,92,75,92,449,89.8
S0023,Student_23,15,Female,Silver Oak High School,87,67,81,76,62,373,74.6
S0024,Student_24,15,Female,Sunrise High School,99,70,78,95,91,433,86.6
S0025,Student_25,15,Male,Sunrise High School,67,90,58,63,59,337,67.4
S0026,Student_26,16,Male,Sunrise High School,98,54,85,98,85,420,84.0
S0027,Student_27,15,Female,Green Valley School,61,61,92,71,68,353,70.6
S0028,Student_28,16,Male,Blue Ridge Academy,79,70,95,72,64,380,76.0
S0029,Student_29,15,Female,Starlight Academy,61,61,71,85,87,365,73.0
S0030,Student_30,15,Female,Bright Future School,81,80,64,75,71,371,74.2
S0031,Student_31,15,Male,Crescent Public School,83,70,78,94,70,395,79.0
S0032,Student_32,15,Female,Green Valley School,77,82,82,76,75,392,78.4
S0033,Student_33,15,Female,Silver Oak High School,92,58,65,91,83,389,77.8
S0034,Student_34,16,Female,Bright Future School,85,72,95,69,92,413,82.6
S0035,Student_35,15,Female,Global Scholars Academy,100,70,67,83,83,403,80.60000000000001
S0036,Student_36,16,Male,Global Scholars Academy,83,91,55,63,57,349,69.8
S0037,Student_37,15,Female,Starlight Academy,60,99,55,80,68,362,72.39999999999999
S0038,Student_38,15,Male,Bright Future School,80,75,96,89,85,425,85.0
S0039,Student_39,16,Female,Oakwood International,95,57,72,77,97,398,79.60000000000001
S0040,Student_40,15,Male,Green Valley School,80,64,90,78,65,377,75.4
S0041,Student_41,16,Male,Green Valley School,55,100,57,53,81,346,69.19999999999999
S0042,Student_42,16,Male,Silver Oak High School,52,81,82,50,99,364,72.8
S0043,Student_43,16,Male,Crescent Public School,67,85,61,85,62,360,72.0
S0044,Student_44,15,Male,Oakwood International,64,57,66,72,52,311,62.2
S0045,Student_45,16,Male,Oakwood International,70,54,93,100,51,368,73.6
S0046,Student_46,16,Male,Silver Oak High School,51,99,56,62,74,342,68.4
S0047,Student_47,15,Female,Heritage High School,68,78,78,74,100,398,79.60000000000001
S0048,Student_48,16,Female,Bright Future School,82,50,96,100,73,401,80.2
S0049,Student_49,15,Male,Heritage High School,55,100,65,84,61,365,73.0
S0050,Student_50,15,Male,Bright Future School,73,91,57,72,77,370,74.0
S0051,Student_51,15,Female,Oakwood International,58,93,57,94,92,394,78.8
S0052,Student_52,16,Male,Blue Ridge Academy,51,72,91,86,71,371,74.2
S0053,Student_53,16,Female,Blue Ridge Academy,73,69,94,85,51,372,74.4
S0054,Student_54,16,Female,Bright Future School,97,70,82,95,53,397,79.4
S0055,Student_55,15,Female,Sunrise High School,94,63,63,100,92,412,82.39999999999999
S0056,Student_56,16,Male,Bright Future School,81,55,50,50,52,288,57.599999999999994
S0057,Student_57,15,Male,Oakwood International,57,99,67,68,64,355,71.0
S0058,Student_58,15,Female,Starlight Academy,69,69,92,90,92,412,82.39999999999999
S0059,Student_59,15,Female,Starlight Academy,69,74,83,74,91,391,78.2
S0060,Student_60,16,Male,Starlight Academy,56,96,77,51,86,366,73.2
S0061,Student_61,15,Male,Heritage High School,68,55,75,84,86,368,73.6
S0062,Student_62,15,Male,Sunrise High School,66,78,53,70,74,341,68.2
S0063,Student_63,16,Female,Green Valley School,71,99,90,81,51,392,78.4
S0064,Student_64,15,Male,Silver Oak High School,52,74,58,59,53,296,59.199999999999996
S0065,Student_65,16,Male,Silver Oak High School,66,90,89,54,75,374,74.8
S0066,Student_66,15,Female,Bright Future School,69,50,80,63,86,348,69.6
S0067,Student_67,15,Female,Oakwood International,96,93,74,66,73,402,80.4
S0068,Student_68,15,Male,Blue Ridge Academy,53,53,50,95,92,343,68.60000000000001
S0069,Student_69,15,Female,Blue Ridge Academy,67,74,65,64,58,328,65.60000000000001
S0070,Student_70,16,Male,Blue Ridge Academy,68,51,89,68,92,368,73.6
S0071,Student_71,16,Female,Blue Ridge Academy,62,95,89,81,88,415,83.0
S0072,Student_72,16,Female,Global Scholars Academy,89,95,64,66,59,373,74.6
S0073,Student_73,15,Male,Heritage High School,76,60,98,62,57,353,70.6
S0074,Student_74,15,Female,Oakwood International,84,82,55,65,65,351,70.19999999999999
S0075,Student_75,15,Male,Silver Oak High School,64,60,52,88,77,341,68.2
S0076,Student_76,16,Male,Oakwood International,99,73,87,84,54,397,79.4
S0077,Student_77,15,Male,Starlight Academy,56,52,80,86,89,363,72.6
S0078,Student_78,15,Male,Sunrise High School,79,89,85,58,82,393,78.60000000000001
S0079,Student_79,15,Male,Bright Future School,75,85,92,63,63,378,75.6
S0080,Student_80,15,Female,Bright Future School,66,63,63,60,56,308,61.6
S0081,Student_81,16,Male,Bright Future School,66,98,90,76,75,405,81.0
S0082,Student_82,16,Male,Sunrise High School,95,87,65,66,84,397,79.4
S0083,Student_83,15,Male,Oakwood International,67,80,82,67,53,349,69.8
S0084,Student_84,15,Female,Oakwood International,82,77,85,66,65,375,75.0
S0085,Student_85,16,Female,Sunrise High School,74,78,57,70,94,373,74.6
S0086,Student_86,16,Female,Heritage High School,78,74,60,69,99,380,76.0
S0087,Student_87,16,Female,Heritage High School,88,55,62,84,77,366,73.2
S0088,Student_88,16,Male,Starlight Academy,61,77,82,78,95,393,78.60000000000001
S0089,Student_89,15,Female,Starlight Academy,51,81,55,82,68,337,67.4
S0090,Student_90,15,Female,Blue Ridge Academy,67,94,62,82,86,391,78.2
S0091,Student_91,16,Male,Oakwood International,61,51,75,52,58,297,59.4
S0092,Student_92,16,Male,Silver Oak High School,95,55,86,81,67,384,76.8
S0093,Student_93,15,Female,Silver Oak High School,83,59,99,84,50,375,75.0
S0094,Student_94,16,Female,Green Valley School,75,59,73,93,74,374,74.8
S0095,Student_95,16,Female,Blue Ridge Academy,63,95,78,96,86,418,83.6
S0096,Student_96,15,Female,Heritage High School,85,53,52,62,100,352,70.39999999999999
S0097,Student_97,16,Male,Blue Ridge Academy,90,73,96,61,63,383,76.6
S0098,Student_98,15,Female,Blue Ridge Academy,57,76,57,96,76,362,72.39999999999999
S0099,Student_99,15,Male,Bright Future School,80,77,80,93,93,423,84.6
S0100,Student_100,16,Female,Green Valley School,58,51,90,66,87,352,70.39999999999999
S0101,Student_101,16,Female,Silver Oak High School,69,77,88,96,51,381,76.2
S0102,Student_102,15,Male,Sunrise High School,70,83,87,98,71,409,81.8
S0103,Student_103,16,Female,Oakwood International,83,59,95,68,70,375,75.0
S0104,Student_104,16,Female,Heritage High School,78,94,100,82,74,428,85.6
S0105,Student_105,16,Male,Oakwood International,59,94,64,99,88,404,80.80000000000001
S0106,Student_106,16,Female,Blue Ridge Academy,95,79,61,88,96,419,83.8
S0107,Student_107,16,Male,Sunrise High School,54,89,81,78,96,398,79.60000000000001
S0108,Student_108,16,Female,Silver Oak High School,91,65,81,56,96,389,77.8
S0109,Student_109,15,Female,Crescent Public School,100,89,83,95,58,425,85.0
S0110,Student_110,15,Male,Bright Future School,67,74,96,50,86,373,74.6
S0111,Student_111,16,Male,Silver Oak High School,82,76,62,53,50,323,64.60000000000001
S0112,Student_112,16,Male,Bright Future School,86,57,52,61,98,354,70.8
S0113,Student_113,16,Male,Silver Oak High School,91,68,79,90,53,381,76.2
S0114,Student_114,15,Male,Blue Ridge Academy,79,53,66,98,57,353,70.6
S0115,Student_115,16,Male,Global Scholars Academy,59,70,63,84,59,335,67.0
S0116,Student_116,16,Female,Heritage High School,58,90,52,64,57,321,64.2
S0117,Student_117,16,Female,Silver Oak High School,50,94,74,82,90,390,78.0
S0118,Student_118,16,Male,Silver Oak High School,75,67,63,93,88,386,77.2
S0119,Student_119,16,Male,Bright Future School,86,64,99,58,90,397,79.4
S0120,Student_120,16,Male,Starlight Academy,100,58,94,97,82,431,86.2
S0121,Student_121,16,Male,Heritage High School,81,65,93,59,77,375,75.0
S0122,Student_122,16,Male,Green Valley School,76,61,79,89,60,365,73.0
S0123,Student_123,15,Female,Blue Ridge Academy,80,56,95,62,57,350,70.0
S0124,Student_124,15,Female,Silver Oak High School,73,77,98,87,74,409,81.8
S0125,Student_125,15,Female,Sunrise High School,66,94,64,58,88,370,74.0
S0126,Student_126,15,Male,Heritage High School,88,83,87,61,87,406,81.2
S0127,Student_127,16,Male,Blue Ridge Academy,95,86,67,85,80,413,82.6
S0128,Student_128,15,Female,Bright Future School,68,97,71,68,90,394,78.8
S0129,Student_129,16,Female,Crescent Public School,71,51,96,66,59,343,68.60000000000001
S0130,Student_130,16,Female,Starlight Academy,70,99,90,53,71,383,76.6
S0131,Student_131,15,Female,Green Valley School,81,65,100,72,83,401,80.2
S0132,Student_132,16,Male,Sunrise High School,68,66,55,66,73,328,65.60000000000001
S0133,Student_133,16,Male,Global Scholars Academy,53,86,93,71,57,360,72.0
S0134,Student_134,16,Male,Global Scholars Academy,56,94,63,81,52,346,69.19999999999999
S0135,Student_135,15,Female,Bright Future School,60,58,78,67,63,326,65.2
S0136,Student_136,16,Female,Global Scholars Academy,88,87,72,54,54,355,71.0
S0137,Student_137,15,Female,Bright Future School,73,92,93,68,69,395,79.0
S0138,Student_138,15,Female,Crescent Public School,87,53,63,77,71,351,70.19999999999999
S0139,Student_139,16,Male,Sunrise High School,98,91,59,86,62,396,79.2
S0140,Student_140,15,Female,Silver Oak High School,52,50,100,69,61,332,66.4
S0141,Student_141,15,Female,Sunrise High School,72,88,62,56,95,373,74.6
S0142,Student_142,15,Female,Sunrise High School,92,81,88,57,52,370,74.0
S0143,Student_143,16,Male,Sunrise High School,71,68,96,77,64,376,75.2
S0144,Student_144,15,Male,Silver Oak High School,98,67,66,78,96,405,81.0
S0145,Student_145,15,Female,Green Valley School,98,63,80,62,100,403,80.60000000000001
S0146,Student_146,16,Male,Sunrise High School,57,54,76,62,88,337,67.4
S0147,Student_147,15,Male,Sunrise High School,88,95,97,95,66,441,88.2
S0148,Student_148,15,Female,Blue Ridge Academy,58,76,72,90,63,359,71.8
S0149,Student_149,16,Male,Blue Ridge Academy,56,90,67,77,71,361,72.2
S0150,Student_150,15,Male,Oakwood International,53,86,62,77,55,333,66.60000000000001
S0151,Student_151,16,Female,Green Valley School,85,76,52,72,68,353,70.6
S0152,Student_152,16,Male,Starlight Academy,73,85,95,75,69,397,79.4
S0153,Student_153,16,Female,Bright Future School,81,57,50,83,94,365,73.0
S0154,Student_154,16,Female,Green Valley School,89,59,73,89,99,409,81.8
S0155,Student_155,16,Male,Oakwood International,66,70,99,93,87,415,83.0
S0156,Student_156,16,Female,Heritage High School,72,53,56,78,62,321,64.2
S0157,Student_157,16,Female,Sunrise High School,92,96,62,62,76,388,77.60000000000001
S0158,Student_158,15,Male,Heritage High School,78,86,84,72,94,414,82.8
S0159,Student_159,15,Male,Oakwood International,54,94,86,81,90,405,81.0
S0160,Student_160,16,Female,Crescent Public School,77,85,70,82,60,374,74.8
S0161,Student_161,15,Male,Green Valley School,99,76,93,93,95,456,91.2
S0162,Student_162,15,Female,Global Scholars Academy,97,82,88,100,70,437,87.4
S0163,Student_163,15,Female,Oakwood International,69,77,98,92,82,418,83.6
S0164,Student_164,15,Male,Global Scholars Academy,97,90,98,92,79,456,91.2
S0165,Student_165,15,Male,Starlight Academy,91,89,88,88,79,435,87.0
S0166,Student_166,15,Male,Global Scholars Academy,62,72,64,50,53,301,60.199999999999996
S0167,Student_167,15,Female,Silver Oak High School,75,95,86,98,60,414,82.8
S0168,Student_168,16,Male,Crescent Public School,72,69,74,79,81,375,75.0
S0169,Student_169,16,Male,Silver Oak High School,65,67,63,87,66,348,69.6
S0170,Student_170,15,Male,Blue Ridge Academy,74,69,58,58,81,340,68.0
S0171,Student_171,15,Male,Heritage High School,98,63,79,87,84,411,82.19999999999999
S0172,Student_172,16,Male,Silver Oak High School,68,69,94,84,66,381,76.2
S0173,Student_173,15,Female,Crescent Public School,67,56,85,85,84,377,75.4
S0174,Student_174,16,Female,Global Scholars Academy,57,61,63,66,72,319,63.800000000000004
S0175,Student_175,15,Male,Blue Ridge Academy,56,79,93,59,80,367,73.4
S0176,Student_176,16,Male,Global Scholars Academy,89,82,66,59,89,385,77.0
S0177,Student_177,15,Female,Sunrise High School,72,93,67,89,67,388,77.60000000000001
S0178,Student_178,15,Male,Silver Oak High School,56,86,68,83,53,346,69.19999999999999
S0179,Student_179,16,Female,Sunrise High School,83,73,77,69,59,361,72.2
S0180,Student_180,16,Female,Green Valley School,99,84,96,50,76,405,81.0
S0181,Student_181,15,Male,Green Valley School,85,99,87,99,96,466,93.2
S0182,Student_182,15,Female,Global Scholars Academy,70,82,55,85,50,342,68.4
S0183,Student_183,15,Female,Green Valley School,90,62,99,65,96,412,82.39999999999999
S0184,Student_184,15,Female,Silver Oak High School,93,64,57,60,90,364,72.8
S0185,Student_185,15,Female,Silver Oak High School,77,73,96,57,79,382,76.4
S0186,Student_186,16,Female,Heritage High School,59,81,54,66,93,353,70.6
S0187,Student_187,15,Female,Silver Oak High School,68,91,51,77,72,359,71.8
S0188,Student_188,15,Female,Sunrise High School,51,88,97,85,65,386,77.2
S0189,Student_189,15,Male,Bright Future School,69,65,73,83,84,374,74.8
S0190,Student_190,15,Male,Silver Oak High School,97,56,92,90,72,407,81.39999999999999
S0191,Student_191,16,Male,Silver Oak High School,87,63,55,85,78,368,73.6
S0192,Student_192,16,Male,Oakwood International,98,88,73,69,88,416,83.2
S0193,Student_193,16,Female,Global Scholars Academy,57,72,55,63,63,310,62.0
S0194,Student_194,16,Female,Green Valley School,83,70,81,80,94,408,81.6
S0195,Student_195,15,Male,Silver Oak High School,72,91,58,94,50,365,73.0
S0196,Student_196,16,Female,Global Scholars Academy,69,78,93,65,97,402,80.4
S0197,Student_197,16,Male,Silver Oak High School,83,69,52,64,77,345,69.0
S0198,Student_198,16,Male,Global Scholars Academy,63,70,94,68,69,364,72.8
S0199,Student_199,16,Female,Bright Future School,67,88,61,58,78,352,70.39999999999999
S0200,Student_200,15,Male,Bright Future School,52,91,62,98,53,356,71.2
S0201,Student_201,15,Female,Starlight Academy,90,59,61,80,86,376,75.2
S0202,Student_202,16,Male,Silver Oak High School,55,67,51,99,69,341,68.2
S0203,Student_203,15,Male,Starlight Academy,51,73,96,99,76,395,79.0
S0204,Student_204,16,Male,Crescent Public School,67,100,63,71,84,385,77.0
S0205,Student_205,16,Male,Heritage High School,79,83,62,91,97,412,82.39999999999999
S0206,Student_206,15,Female,Oakwood International,57,53,99,59,60,328,65.60000000000001
S0207,Student_207,15,Female,Oakwood International,83,66,53,93,70,365,73.0
S0208,Student_208,15,Female,Green Valley School,73,52,57,59,69,310,62.0
S0209,Student_209,16,Female,Starlight Academy,55,63,76,94,88,376,75.2
S0210,Student_210,16,Female,Green Valley School,84,95,88,76,65,408,81.6
S0211,Student_211,15,Female,Bright Future School,89,81,69,85,68,392,78.4
S0212,Student_212,16,Female,Global Scholars Academy,69,97,76,83,67,392,78.4
S0213,Student_213,15,Male,Oakwood International,54,62,73,99,74,362,72.39999999999999
S0214,Student_214,15,Female,Heritage High School,65,64,88,88,51,356,71.2
S0215,Student_215,16,Male,Green Valley School,90,80,60,96,96,422,84.39999999999999
S0216,Student_216,15,Female,Sunrise High School,99,72,86,82,92,431,86.2
S0217,Student_217,16,Male,Global Scholars Academy,79,70,63,82,68,362,72.39999999999999
S0218,Student_218,15,Female,Silver Oak High School,78,73,86,79,60,376,75.2
S0219,Student_219,15,Female,Blue Ridge Academy,95,91,83,58,89,416,83.2
S0220,Student_220,15,Male,Heritage High School,99,81,97,88,100,465,93.0
S0221,Student_221,16,Male,Global Scholars Academy,50,75,90,96,88,399,79.80000000000001
S0222,Student_222,16,Male,Crescent Public School,88,81,75,84,87,415,83.0
S0223,Student_223,16,Female,Oakwood International,77,97,56,90,86,406,81.2
S0224,Student_224,16,Female,Silver Oak High School,92,82,73,57,58,362,72.39999999999999
S0225,Student_225,16,Female,Bright Future School,76,93,59,99,62,389,77.8
S0226,Student_226,16,Female,Green Valley School,61,90,89,71,76,387,77.4
S0227,Student_227,15,Male,Global Scholars Academy,93,76,64,80,95,408,81.6
S0228,Student_228,15,Female,Heritage High School,64,63,51,66,94,338,67.60000000000001
S0229,Student_229,16,Female,Silver Oak High School,80,60,76,73,92,381,76.2
S0230,Student_230,16,Female,Blue Ridge Academy,54,61,67,67,63,312,62.4
S0231,Student_231,15,Male,Bright Future School,62,98,89,65,99,413,82.6
S0232,Student_232,16,Male,Starlight Academy,89,60,100,63,75,387,77.4
S0233,Student_233,16,Female,Silver Oak High School,63,81,98,84,71,397,79.4
S0234,Student_234,15,Male,Oakwood International,89,65,80,78,63,375,75.0
S0235,Student_235,16,Female,Blue Ridge Academy,61,81,66,52,76,336,67.2
S0236,Student_236,16,Female,Oakwood International,69,90,86,76,92,413,82.6
S0237,Student_237,15,Male,Blue Ridge Academy,53,88,71,76,83,371,74.2
S0238,Student_238,16,Male,Green Valley School,94,71,79,94,63,401,80.2
S0239,Student_239,16,Male,Sunrise High School,85,68,95,55,56,359,71.8
S0240,Student_240,16,Female,Crescent Public School,87,71,74,76,67,375,75.0
S0241,Student_241,15,Female,Sunrise High School,62,75,54,68,72,331,66.2
S0242,Student_242,16,Male,Sunrise High School,66,97,79,53,65,360,72.0
S0243,Student_243,15,Female,Crescent Public School,60,88,72,72,57,349,69.8
S0244,Student_244,15,Male,Silver Oak High School,76,67,62,78,62,345,69.0
S0245,Student_245,16,Male,Crescent Public School,56,55,60,90,78,339,67.80000000000001
S0246,Student_246,16,Male,Sunrise High School,74,82,77,96,93,422,84.39999999999999
S0247,Student_247,15,Male,Bright Future School,63,86,65,52,53,319,63.800000000000004
S0248,Student_248,15,Female,Heritage High School,87,67,58,72,58,342,68.4
S0249,Student_249,16,Male,Crescent Public School,71,92,55,89,58,365,73.0
S0250,Student_250,16,Male,Global Scholars Academy,86,76,85,98,50,395,79.0
S0251,Student_251,15,Male,Crescent Public School,75,86,94,69,51,375,75.0
S0252,Student_252,15,Male,Bright Future School,99,90,72,60,80,401,80.2
S0253,Student_253,15,Female,Starlight Academy,93,83,64,65,58,363,72.6
S0254,Student_254,16,Male,Heritage High School,92,90,67,89,96,434,86.8
S0255,Student_255,16,Female,Silver Oak High School,58,75,94,50,62,339,67.80000000000001
S0256,Student_256,16,Female,Blue Ridge Academy,99,53,66,52,74,344,68.8
S0257,Student_257,15,Male,Silver Oak High School,84,99,54,51,76,364,72.8
S0258,Student_258,15,Male,Crescent Public School,59,63,80,71,56,329,65.8
S0259,Student_259,16,Female,Bright Future School,73,59,55,89,52,328,65.60000000000001
S0260,Student_260,15,Male,Bright Future School,54,56,100,85,57,352,70.39999999999999
S0261,Student_261,16,Male,Bright Future School,51,98,62,66,56,333,66.60000000000001
S0262,Student_262,16,Female,Global Scholars Academy,97,95,53,73,52,370,74.0
S0263,Student_263,15,Female,Global Scholars Academy,99,73,72,72,83,399,79.80000000000001
S0264,Student_264,15,Female,Starlight Academy,92,76,68,57,51,344,68.8
S0265,Student_265,16,Female,Sunrise High School,87,83,75,93,82,420,84.0
S0266,Student_266,15,Female,Silver Oak High School,71,67,86,61,87,372,74.4
S0267,Student_267,15,Female,Sunrise High School,61,58,75,70,62,326,65.2
S0268,Student_268,15,Male,Crescent Public School,100,88,61,67,90,406,81.2
S0269,Student_269,15,Female,Bright Future School,86,86,95,55,81,403,80.60000000000001
S0270,Student_270,16,Male,Silver Oak High School,62,85,58,91,97,393,78.60000000000001
S0271,Student_271,16,Male,Bright Future School,80,62,61,81,76,360,72.0
S0272,Student_272,15,Male,Sunrise High School,97,86,74,78,91,426,85.2
S0273,Student_273,16,Male,Bright Future School,74,84,97,53,89,397,79.4
S0274,Student_274,15,Female,Bright Future School,97,63,83,68,72,383,76.6
S0275,Student_275,15,Male,Blue Ridge Academy,76,64,92,64,85,381,76.2
S0276,Student_276,16,Male,Sunrise High School,97,53,67,83,91,391,78.2
S0277,Student_277,15,Male,Oakwood International,51,92,99,58,79,379,75.8
S0278,Student_278,16,Female,Starlight Academy,85,54,83,96,50,368,73.6
S0279,Student_279,15,Male,Silver Oak High School,60,82,85,87,61,375,75.0
S0280,Student_280,16,Female,Heritage High School,75,78,65,86,95,399,79.80000000000001
S0281,Student_281,15,Male,Blue Ridge Academy,73,77,50,93,75,368,73.6
S0282,Student_282,15,Female,Blue Ridge Academy,73,95,72,51,94,385,77.0
S0283,Student_283,16,Male,Sunrise High School,76,81,78,54,66,355,71.0
S0284,Student_284,15,Female,Oakwood International,63,94,97,76,77,407,81.39999999999999
S0285,Student_285,16,Male,Sunrise High School,87,66,71,62,90,376,75.2
S0286,Student_286,15,Female,Silver Oak High School,80,99,77,99,63,418,83.6
S0287,Student_287,15,Male,Green Valley School,62,76,76,65,85,364,72.8
S0288,Student_288,16,Female,Crescent Public School,75,73,86,82,92,408,81.6
S0289,Student_289,16,Female,Oakwood International,60,79,76,52,69,336,67.2
S0290,Student_290,16,Female,Green Valley School,62,61,94,87,57,361,72.2
S0291,Student_291,15,Female,Silver Oak High School,72,58,59,98,89,376,75.2
S0292,Student_292,15,Female,Crescent Public School,56,75,86,78,77,372,74.4
S0293,Student_293,16,Female,Silver Oak High School,67,61,99,61,69,357,71.39999999999999
S0294,Student_294,15,Female,Silver Oak High School,75,59,79,79,91,383,76.6
S0295,Student_295,16,Male,Starlight Academy,61,54,72,88,56,331,66.2
S0296,Student_296,15,Female,Starlight Academy,71,100,91,56,91,409,81.8
S0297,Student_297,15,Male,Green Valley School,64,66,76,65,78,349,69.8
S0298,Student_298,15,Female,Crescent Public School,78,52,78,89,94,391,78.2
S0299,Student_299,15,Female,Sunrise High School,100,59,98,75,100,432,86.4
S0300,Student_300,16,Male,Blue Ridge Academy,85,64,62,67,91,369,73.8
S0301,Student_301,15,Female,Bright Future School,71,88,62,81,100,402,80.4
S0302,Student_302,15,Female,Sunrise High School,66,55,82,69,51,323,64.60000000000001
S0303,Student_303,15,Female,Oakwood International,65,81,76,99,63,384,76.8
S0304,Student_304,15,Male,Crescent Public School,54,71,73,71,78,347,69.39999999999999
S0305,Student_305,15,Male,Starlight Academy,65,66,64,73,96,364,72.8
S0306,Student_306,15,Male,Bright Future School,57,72,100,65,96,390,78.0
S0307,Student_307,15,Male,Starlight Academy,92,51,53,78,60,334,66.8
S0308,Student_308,15,Female,Blue Ridge Academy,65,80,93,76,57,371,74.2
S0309,Student_309,15,Male,Sunrise High School,77,79,94,63,99,412,82.39999999999999
S0310,Student_310,16,Male,Silver Oak High School,71,81,65,75,65,357,71.39999999999999
S0311,Student_311,16,Male,Bright Future School,81,93,87,70,62,393,78.60000000000001
S0312,Student_312,15,Male,Starlight Academy,96,95,70,97,93,451,90.2
S0313,Student_313,16,Female,Crescent Public School,95,79,95,68,85,422,84.39999999999999
S0314,Student_314,16,Male,Bright Future School,89,61,52,66,93,361,72.2
S0315,Student_315,16,Female,Starlight Academy,100,73,67,61,56,357,71.39999999999999
S0316,Student_316,16,Male,Crescent Public School,69,73,74,69,91,376,75.2
S0317,Student_317,15,Male,Starlight Academy,52,98,78,81,70,379,75.8
S0318,Student_318,15,Female,Bright Future School,96,63,88,99,100,446,89.2
S0319,Student_319,15,Female,Silver Oak High School,57,100,90,67,94,408,81.6
S0320,Student_320,16,Female,Crescent Public School,91,76,78,75,77,397,79.4
S0321,Student_321,16,Female,Heritage High School,79,59,64,77,57,336,67.2
S0322,Student_322,16,Female,Crescent Public School,74,71,77,73,90,385,77.0
S0323,Student_323,16,Female,Sunrise High School,50,64,54,55,72,295,59.0
S0324,Student_324,16,Male,Silver Oak High School,75,65,72,62,95,369,73.8
S0325,Student_325,16,Male,Bright Future School,62,99,94,81,54,390,78.0
S0326,Student_326,16,Male,Heritage High School,58,83,96,88,82,407,81.39999999999999
S0327,Student_327,16,Male,Heritage High School,61,91,67,79,62,360,72.0
S0328,Student_328,16,Female,Global Scholars Academy,93,57,53,62,84,349,69.8
S0329,Student_329,16,Male,Global Scholars Academy,90,60,53,89,87,379,75.8
S0330,Student_330,16,Female,Bright Future School,71,92,68,59,70,360,72.0
S0331,Student_331,16,Female,Sunrise High School,91,63,68,62,67,351,70.19999999999999
S0332,Student_332,15,Male,Bright Future School,87,79,71,98,78,413,82.6
S0333,Student_333,15,Male,Global Scholars Academy,99,54,81,67,99,400,80.0
S0334,Student_334,15,Male,Silver Oak High School,70,54,83,100,87,394,78.8
S0335,Student_335,16,Male,Silver Oak High School,83,64,87,82,99,415,83.0
S0336,Student_336,15,Male,Blue Ridge Academy,91,93,57,80,98,419,83.8
S0337,Student_337,15,Male,Silver Oak High School,74,82,67,96,56,375,75.0
S0338,Student_338,16,Male,Crescent Public School,60,70,54,92,77,353,70.6
S0339,Student_339,15,Male,Sunrise High School,90,96,54,75,68,383,76.6
S0340,Student_340,16,Female,Bright Future School,93,82,81,93,100,449,89.8
S0341,Student_341,15,Male,Starlight Academy,99,54,86,83,78,400,80.0
S0342,Student_342,15,Male,Starlight Academy,81,62,67,82,72,364,72.8
S0343,Student_343,16,Male,Starlight Academy,95,62,54,50,74,335,67.0
S0344,Student_344,15,Male,Heritage High School,62,80,81,99,81,403,80.60000000000001
S0345,Student_345,15,Male,Global Scholars Academy,96,53,61,87,72,369,73.8
S0346,Student_346,16,Male,Blue Ridge Academy,93,100,95,98,86,472,94.39999999999999
S0347,Student_347,15,Male,Silver Oak High School,88,86,97,62,67,400,80.0
S0348,Student_348,16,Female,Bright Future School,87,69,96,91,51,394,78.8
S0349,Student_349,15,Male,Bright Future School,60,85,72,70,86,373,74.6
S0350,Student_350,16,Male,Global Scholars Academy,64,74,61,90,80,369,73.8
S0351,Student_351,15,Male,Oakwood International,55,71,62,86,53,327,65.4
S0352,Student_352,16,Female,Blue Ridge Academy,52,70,70,71,69,332,66.4
S0353,Student_353,16,Female,Crescent Public School,70,97,61,88,67,383,76.6
S0354,Student_354,15,Female,Heritage High School,94,70,69,62,61,356,71.2
S0355,Student_355,16,Male,Green Valley School,51,75,81,50,50,307,61.4
S0356,Student_356,16,Female,Crescent Public School,80,58,82,58,72,350,70.0
S0357,Student_357,15,Male,Sunrise High School,67,75,65,75,88,370,74.0
S0358,Student_358,16,Male,Sunrise High School,67,96,75,62,55,355,71.0
S0359,Student_359,16,Female,Heritage High School,53,50,97,56,82,338,67.60000000000001
S0360,Student_360,15,Female,Silver Oak High School,52,94,57,60,83,346,69.19999999999999
S0361,Student_361,16,Male,Heritage High School,70,52,89,56,80,347,69.39999999999999
S0362,Student_362,15,Female,Crescent Public School,79,71,75,50,63,338,67.60000000000001
S0363,Student_363,15,Female,Global Scholars Academy,72,57,71,87,85,372,74.4
S0364,Student_364,16,Female,Green Valley School,95,73,88,81,92,429,85.8
S0365,Student_365,16,Male,Starlight Academy,66,59,71,90,81,367,73.4
S0366,Student_366,16,Female,Oakwood International,52,86,100,70,97,405,81.0
S0367,Student_367,16,Female,Crescent Public School,58,59,68,80,95,360,72.0
S0368,Student_368,15,Female,Starlight Academy,96,69,83,83,97,428,85.6
S0369,Student_369,15,Male,Oakwood International,89,64,69,80,83,385,77.0
S0370,Student_370,16,Female,Bright Future School,69,85,53,74,52,333,66.60000000000001
S0371,Student_371,16,Female,Bright Future School,57,56,67,71,97,348,69.6
S0372,Student_372,16,Female,Crescent Public School,56,95,81,55,64,351,70.19999999999999
S0373,Student_373,16,Male,Green Valley School,63,92,70,80,74,379,75.8
S0374,Student_374,16,Female,Heritage High School,71,64,96,75,61,367,73.4
S0375,Student_375,15,Female,Crescent Public School,71,55,70,82,70,348,69.6
S0376,Student_376,15,Male,Heritage High School,59,94,66,95,99,413,82.6
S0377,Student_377,16,Male,Crescent Public School,98,87,91,79,96,451,90.2
S0378,Student_378,15,Female,Green Valley School,87,100,55,99,55,396,79.2
S0379,Student_379,15,Female,Oakwood International,59,51,65,81,62,318,63.6
S0380,Student_380,15,Male,Crescent Public School,61,79,58,51,82,331,66.2
S0381,Student_381,15,Female,Oakwood International,50,75,99,75,60,359,71.8
S0382,Student_382,16,Female,Green Valley School,67,93,79,59,92,390,78.0
S0383,Student_383,15,Male,Silver Oak High School,71,78,62,92,62,365,73.0
S0384,Student_384,16,Male,Heritage High School,92,99,87,94,91,463,92.60000000000001
S0385,Student_385,15,Female,Global Scholars Academy,62,51,63,90,67,333,66.60000000000001
S0386,Student_386,15,Male,Silver Oak High School,77,94,99,64,52,386,77.2
S0387,Student_387,16,Male,Heritage High School,97,90,94,74,94,449,89.8
S0388,Student_388,15,Male,Crescent Public School,88,56,67,84,92,387,77.4
S0389,Student_389,15,Male,Starlight Academy,91,77,70,75,65,378,75.6
S0390,Student_390,16,Male,Silver Oak High School,54,80,55,94,64,347,69.39999999999999
S0391,Student_391,15,Female,Crescent Public School,80,86,65,98,50,379,75.8
S0392,Student_392,16,Male,Green Valley School,75,76,89,71,74,385,77.0
S0393,Student_393,16,Female,Oakwood International,57,58,86,76,70,347,69.39999999999999
S0394,Student_394,16,Male,Silver Oak High School,95,83,77,98,86,439,87.8
S0395,Student_395,16,Male,Sunrise High School,99,55,79,70,80,383,76.6
S0396,Student_396,16,Female,Blue Ridge Academy,88,100,99,52,79,418,83.6
S0397,Student_397,15,Male,Blue Ridge Academy,77,63,91,89,83,403,80.60000000000001
S0398,Student_398,15,Female,Heritage High School,80,78,57,86,51,352,70.39999999999999
S0399,Student_399,15,Male,Sunrise High School,95,95,58,64,72,384,76.8
S0400,Student_400,16,Female,Global Scholars Academy,87,100,98,65,62,412,82.39999999999999
S0401,Student_401,16,Female,Heritage High School,67,85,64,95,98,409,81.8
S0402,Student_402,16,Female,Bright Future School,60,63,57,83,52,315,63.0
S0403,Student_403,16,Male,Starlight Academy,94,84,85,76,60,399,79.80000000000001
S0404,Student_404,15,Female,Sunrise High School,57,56,56,75,79,323,64.60000000000001
S0405,Student_405,15,Female,Crescent Public School,100,66,64,79,89,398,79.60000000000001
S0406,Student_406,16,Female,Global Scholars Academy,85,52,75,90,68,370,74.0
S0407,Student_407,16,Female,Heritage High School,55,73,79,86,68,361,72.2
S0408,Student_408,15,Male,Crescent Public School,50,53,80,50,100,333,66.60000000000001
S0409,Student_409,15,Female,Bright Future School,61,75,58,68,62,324,64.8
S0410,Student_410,16,Male,Starlight Academy,100,51,69,65,90,375,75.0
S0411,Student_411,16,Female,Bright Future School,85,54,96,58,64,357,71.39999999999999
S0412,Student_412,16,Female,Global Scholars Academy,71,63,70,53,96,353,70.6
S0413,Student_413,15,Male,Heritage High School,99,71,52,90,79,391,78.2
S0414,Student_414,15,Female,Silver Oak High School,74,93,98,58,50,373,74.6
S0415,Student_415,16,Female,Heritage High School,60,68,89,100,87,404,80.80000000000001
S0416,Student_416,16,Female,Silver Oak High School,55,93,56,52,76,332,66.4
S0417,Student_417,16,Female,Heritage High School,83,69,86,82,58,378,75.6
S0418,Student_418,15,Male,Global Scholars Academy,90,74,75,87,51,377,75.4
S0419,Student_419,16,Male,Crescent Public School,66,70,66,83,90,375,75.0
S0420,Student_420,16,Female,Blue Ridge Academy,58,53,50,97,77,335,67.0
S0421,Student_421,16,Female,Sunrise High School,59,77,70,76,57,339,67.80000000000001
S0422,Student_422,16,Male,Heritage High School,69,77,67,56,51,320,64.0
S0423,Student_423,16,Female,Global Scholars Academy,100,68,53,64,56,341,68.2
S0424,Student_424,16,Female,Silver Oak High School,100,65,62,86,70,383,76.6
S0425,Student_425,15,Female,Oakwood International,68,87,73,75,73,376,75.2
S0426,Student_426,16,Female,Oakwood International,85,94,51,61,66,357,71.39999999999999
S0427,Student_427,16,Male,Silver Oak High School,64,53,65,100,83,365,73.0
S0428,Student_428,16,Female,Green Valley School,56,72,61,76,60,325,65.0
S0429,Student_429,16,Female,Heritage High School,84,70,64,88,56,362,72.39999999999999
S0430,Student_430,15,Male,Starlight Academy,67,92,87,85,70,401,80.2
S0431,Student_431,15,Female,Heritage High School,57,67,88,74,97,383,76.6
S0432,Student_432,16,Male,Global Scholars Academy,83,76,70,66,91,386,77.2
S0433,Student_433,15,Female,Global Scholars Academy,50,53,58,55,80,296,59.199999999999996
S0434,Student_434,16,Male,Sunrise High School,80,62,70,55,83,350,70.0
S0435,Student_435,15,Male,Silver Oak High School,79,62,63,53,96,353,70.6
S0436,Student_436,15,Male,Heritage High School,78,76,86,61,60,361,72.2
S0437,Student_437,16,Female,Global Scholars Academy,65,53,91,86,60,355,71.0
S0438,Student_438,16,Male,Green Valley School,53,89,94,99,71,406,81.2
S0439,Student_439,15,Female,Blue Ridge Academy,73,59,62,80,79,353,70.6
S0440,Student_440,15,Male,Heritage High School,90,89,57,60,65,361,72.2
S0441,Student_441,15,Female,Sunrise High School,65,66,74,78,96,379,75.8
S0442,Student_442,15,Male,Bright Future School,99,70,100,57,52,378,75.6
S0443,Student_443,15,Male,Silver Oak High School,57,59,92,50,69,327,65.4
S0444,Student_444,15,Female,Crescent Public School,58,65,95,75,69,362,72.39999999999999
S0445,Student_445,15,Female,Starlight Academy,72,78,95,86,70,401,80.2
S0446,Student_446,15,Female,Oakwood International,50,83,99,100,75,407,81.39999999999999
S0447,Student_447,15,Female,Oakwood International,80,52,100,76,99,407,81.39999999999999
S0448,Student_448,15,Female,Starlight Academy,54,70,95,77,93,389,77.8
S0449,Student_449,15,Female,Blue Ridge Academy,76,77,51,56,55,315,63.0
S0450,Student_450,16,Female,Crescent Public School,92,65,75,77,64,373,74.6
S0451,Student_451,15,Male,Oakwood International,88,65,55,76,90,374,74.8
S0452,Student_452,16,Male,Global Scholars Academy,58,75,98,78,98,407,81.39999999999999
S0453,Student_453,15,Male,Crescent Public School,50,53,61,92,97,353,70.6
S0454,Student_454,15,Male,Blue Ridge Academy,69,54,66,99,54,342,68.4
S0455,Student_455,16,Male,Blue Ridge Academy,84,66,99,53,78,380,76.0
S0456,Student_456,16,Male,Green Valley School,95,98,68,73,67,401,80.2
S0457,Student_457,16,Female,Green Valley School,76,88,62,94,90,410,82.0
S0458,Student_458,16,Female,Starlight Academy,53,99,91,66,89,398,79.60000000000001
S0459,Student_459,16,Female,Oakwood International,88,94,58,70,91,401,80.2
S0460,Student_460,16,Female,Blue Ridge Academy,75,62,98,84,73,392,78.4
S0461,Student_461,16,Female,Silver Oak High School,85,94,96,60,68,403,80.60000000000001
S0462,Student_462,15,Female,Crescent Public School,92,90,93,63,97,435,87.0
S0463,Student_463,16,Female,Starlight Academy,54,97,100,95,74,420,84.0
S0464,Student_464,15,Male,Silver Oak High School,99,94,82,81,87,443,88.6
S0465,Student_465,15,Male,Crescent Public School,94,95,70,84,53,396,79.2
S0466,Student_466,16,Female,Heritage High School,66,60,72,95,87,380,76.0
S0467,Student_467,16,Female,Starlight Academy,64,92,100,67,54,377,75.4
S0468,Student_468,16,Male,Silver Oak High School,57,76,76,97,66,372,74.4
S0469,Student_469,16,Male,Green Valley School,90,76,86,95,76,423,84.6
S0470,Student_470,15,Male,Sunrise High School,86,81,56,96,85,404,80.80000000000001
S0471,Student_471,16,Male,Green Valley School,86,62,72,80,53,353,70.6
S0472,Student_472,16,Male,Blue Ridge Academy,90,72,99,66,50,377,75.4
S0473,Student_473,15,Female,Sunrise High School,99,63,61,52,65,340,68.0
S0474,Student_474,15,Female,Green Valley School,58,81,59,100,68,366,73.2
S0475,Student_475,15,Female,Crescent Public School,56,71,69,90,86,372,74.4
S0476,Student_476,15,Female,Starlight Academy,85,88,70,88,61,392,78.4
S0477,Student_477,16,Female,Blue Ridge Academy,55,74,81,63,75,348,69.6
S0478,Student_478,15,Female,Global Scholars Academy,78,99,95,89,51,412,82.39999999999999
S0479,Student_479,16,Male,Blue Ridge Academy,63,82,79,53,54,331,66.2
S0480,Student_480,15,Male,Starlight Academy,94,95,56,91,50,386,77.2
S0481,Student_481,15,Female,Starlight Academy,98,54,64,69,100,385,77.0
S0482,Student_482,16,Male,Sunrise High School,53,79,61,90,53,336,67.2
S0483,Student_483,15,Female,Global Scholars Academy,87,80,55,54,92,368,73.6
S0484,Student_484,16,Female,Silver Oak High School,73,80,70,63,61,347,69.39999999999999
S0485,Student_485,15,Female,Bright Future School,54,50,79,81,53,317,63.4
S0486,Student_486,15,Male,Blue Ridge Academy,63,79,85,70,63,360,72.0
S0487,Student_487,15,Male,Silver Oak High School,76,75,94,66,80,391,78.2
S0488,Student_488,15,Male,Heritage High School,61,66,59,54,63,303,60.6
S0489,Student_489,15,Male,Blue Ridge Academy,55,93,56,55,97,356,71.2
S0490,Student_490,15,Male,Starlight Academy,82,83,88,62,87,402,80.4
S0491,Student_491,16,Male,Oakwood International,95,69,65,93,57,379,75.8
S0492,Student_492,16,Male,Starlight Academy,67,53,84,65,73,342,68.4
S0493,Student_493,16,Female,Starlight Academy,72,91,95,66,86,410,82.0
S0494,Student_494,16,Male,Oakwood International,72,59,87,98,59,375,75.0
S0495,Student_495,16,Female,Sunrise High School,73,55,73,70,52,323,64.60000000000001
S0496,Student_496,15,Male,Heritage High School,96,96,88,61,96,437,87.4
S0497,Student_497,15,Female,Global Scholars Academy,59,78,59,70,98,364,72.8
S0498,Student_498,16,Male,Starlight Academy,72,59,50,81,71,333,66.60000000000001
S0499,Student_499,15,Female,Starlight Academy,64,88,96,70,99,417,83.39999999999999
S0500,Student_500,15,Female,Blue Ridge Academy,88,72,50,60,73,343,68.60000000000001
S0501,Student_501,15,Male,Heritage High School,69,66,97,89,85,406,81.2
S0502,Student_502,15,Female,Crescent Public School,72,64,85,65,67,353,70.6
S0503,Student_503,16,Male,Sunrise High School,96,84,72,72,95,419,83.8
S0504,Student_504,15,Male,Heritage High School,54,88,91,100,81,414,82.8
S0505,Student_505,16,Female,Green Valley School,61,83,96,56,95,391,78.2
S0506,Student_506,16,Male,Heritage High School,67,91,51,77,69,355,71.0
S0507,Student_507,15,Male,Oakwood International,78,71,87,94,62,392,78.4
S0508,Student_508,15,Female,Bright Future School,66,97,93,51,85,392,78.4
S0509,Student_509,15,Female,Heritage High School,76,82,81,72,65,376,75.2
S0510,Student_510,15,Male,Global Scholars Academy,57,93,83,85,57,375,75.0
S0511,Student_511,15,Male,Green Valley School,85,99,65,87,57,393,78.60000000000001
S0512,Student_512,15,Female,Bright Future School,63,98,83,57,72,373,74.6
S0513,Student_513,15,Male,Global Scholars Academy,60,79,51,71,66,327,65.4
S0514,Student_514,15,Female,Silver Oak High School,51,92,56,57,96,352,70.39999999999999
S0515,Student_515,16,Male,Oakwood International,82,54,79,85,89,389,77.8
S0516,Student_516,16,Male,Oakwood International,99,99,92,79,75,444,88.8
S0517,Student_517,16,Female,Silver Oak High School,60,52,75,76,53,316,63.2
S0518,Student_518,15,Female,Sunrise High School,83,97,90,55,74,399,79.80000000000001
S0519,Student_519,16,Female,Heritage High School,97,56,51,80,69,353,70.6
S0520,Student_520,15,Female,Heritage High School,65,84,97,91,67,404,80.80000000000001
S0521,Student_521,16,Female,Heritage High School,84,51,74,68,94,371,74.2
S0522,Student_522,16,Female,Sunrise High School,74,68,97,70,92,401,80.2
S0523,Student_523,15,Female,Green Valley School,82,51,98,93,89,413,82.6
S0524,Student_524,15,Female,Sunrise High School,55,78,68,66,91,358,71.6
S0525,Student_525,15,Male,Sunrise High School,72,53,98,60,90,373,74.6
S0526,Student_526,16,Female,Crescent Public School,55,64,53,90,69,331,66.2
S0527,Student_527,16,Female,Green Valley School,93,98,66,75,58,390,78.0
S0528,Student_528,16,Female,Silver Oak High School,92,95,90,61,87,425,85.0
S0529,Student_529,15,Female,Bright Future School,66,95,56,96,84,397,79.4
S0530,Student_530,15,Female,Starlight Academy,68,53,92,88,78,379,75.8
S0531,Student_531,15,Female,Sunrise High School,81,68,77,69,68,363,72.6
S0532,Student_532,16,Male,Bright Future School,56,74,89,94,95,408,81.6
S0533,Student_533,16,Male,Starlight Academy,76,78,99,60,91,404,80.80000000000001
S0534,Student_534,15,Female,Crescent Public School,63,63,99,51,78,354,70.8
S0535,Student_535,15,Female,Sunrise High School,87,53,69,84,56,349,69.8
S0536,Student_536,16,Male,Heritage High School,51,52,85,81,66,335,67.0
S0537,Student_537,16,Male,Blue Ridge Academy,99,60,76,100,77,412,82.39999999999999
S0538,Student_538,16,Female,Crescent Public School,99,98,72,97,87,453,90.60000000000001
S0539,Student_539,16,Female,Starlight Academy,98,96,85,100,91,470,94.0
S0540,Student_540,15,Male,Sunrise High School,92,70,79,69,74,384,76.8
S0541,Student_541,16,Female,Heritage High School,81,66,78,91,80,396,79.2
S0542,Student_542,16,Female,Starlight Academy,68,51,82,93,63,357,71.39999999999999
S0543,Student_543,15,Male,Bright Future School,84,54,65,82,88,373,74.6
S0544,Student_544,15,Female,Crescent Public School,87,97,54,66,73,377,75.4
S0545,Student_545,15,Male,Global Scholars Academy,52,82,95,61,67,357,71.39999999999999
S0546,Student_546,15,Male,Green Valley School,79,57,97,69,83,385,77.0
S0547,Student_547,15,Male,Bright Future School,91,74,100,76,86,427,85.39999999999999
S0548,Student_548,15,Female,Oakwood International,70,60,100,77,52,359,71.8
S0549,Student_549,16,Female,Heritage High School,96,96,73,70,100,435,87.0
S0550,Student_550,16,Female,Heritage High School,77,57,89,55,89,367,73.4
S0551,Student_551,16,Female,Global Scholars Academy,64,74,87,77,70,372,74.4
S0552,Student_552,16,Female,Global Scholars Academy,66,69,68,81,80,364,72.8
S0553,Student_553,15,Male,Starlight Academy,72,83,63,76,94,388,77.60000000000001
S0554,Student_554,15,Female,Crescent Public School,93,95,63,52,73,376,75.2
S0555,Student_555,16,Male,Sunrise High School,60,75,54,70,56,315,63.0
S0556,Student_556,15,Male,Green Valley School,78,83,96,50,76,383,76.6
S0557,Student_557,16,Male,Sunrise High School,75,97,50,69,61,352,70.39999999999999
S0558,Student_558,16,Male,Oakwood International,83,57,82,71,52,345,69.0
S0559,Student_559,15,Male,Starlight Academy,52,91,98,65,93,399,79.80000000000001
S0560,Student_560,15,Male,Green Valley School,51,71,54,73,65,314,62.8
S0561,Student_561,15,Male,Crescent Public School,71,73,75,58,85,362,72.39999999999999
S0562,Student_562,15,Female,Crescent Public School,58,74,69,68,93,362,72.39999999999999
S0563,Student_563,16,Male,Silver Oak High School,77,56,68,91,79,371,74.2
S0564,Student_564,15,Female,Silver Oak High School,77,86,58,61,71,353,70.6
S0565,Student_565,15,Male,Sunrise High School,58,82,99,52,53,344,68.8
S0566,Student_566,16,Male,Blue Ridge Academy,86,52,78,52,71,339,67.80000000000001
S0567,Student_567,15,Female,Oakwood International,82,87,51,75,80,375,75.0
S0568,Student_568,15,Male,Silver Oak High School,88,67,67,61,57,340,68.0
S0569,Student_569,15,Male,Sunrise High School,50,92,78,81,84,385,77.0
S0570,Student_570,16,Male,Green Valley School,71,100,79,63,85,398,79.60000000000001
S0571,Student_571,16,Male,Global Scholars Academy,88,59,74,85,67,373,74.6
S0572,Student_572,15,Female,Crescent Public School,55,62,59,86,59,321,64.2
S0573,Student_573,16,Female,Blue Ridge Academy,67,100,63,77,65,372,74.4
S0574,Student_574,16,Male,Blue Ridge Academy,87,57,84,89,74,391,78.2
S0575,Student_575,15,Male,Heritage High School,50,69,88,74,54,335,67.0
S0576,Student_576,15,Male,Crescent Public School,71,86,78,56,87,378,75.6
S0577,Student_577,16,Male,Heritage High School,99,56,67,56,95,373,74.6
S0578,Student_578,16,Male,Bright Future School,55,78,75,64,63,335,67.0
S0579,Student_579,15,Female,Sunrise High School,73,82,75,84,88,402,80.4
S0580,Student_580,15,Female,Starlight Academy,63,100,81,94,60,398,79.60000000000001
S0581,Student_581,16,Male,Blue Ridge Academy,100,77,50,92,88,407,81.39999999999999
S0582,Student_582,15,Female,Silver Oak High School,61,88,68,73,93,383,76.6
S0583,Student_583,15,Male,Global Scholars Academy,92,90,91,64,96,433,86.6
S0584,Student_584,16,Female,Starlight Academy,79,66,71,58,55,329,65.8
S0585,Student_585,15,Female,Blue Ridge Academy,89,52,91,55,69,356,71.2
S0586,Student_586,15,Female,Heritage High School,75,95,88,73,94,425,85.0
S0587,Student_587,16,Male,Crescent Public School,99,93,70,54,97,413,82.6
S0588,Student_588,16,Male,Green Valley School,99,69,69,69,78,384,76.8
S0589,Student_589,16,Male,Blue Ridge Academy,52,62,53,65,62,294,58.8
S0590,Student_590,16,Male,Bright Future School,65,82,74,100,70,391,78.2
S0591,Student_591,15,Male,Silver Oak High School,79,82,60,95,65,381,76.2
S0592,Student_592,15,Female,Green Valley School,76,72,58,94,51,351,70.19999999999999
S0593,Student_593,16,Female,Heritage High School,84,62,95,61,50,352,70.39999999999999
S0594,Student_594,16,Male,Silver Oak High School,60,70,92,84,79,385,77.0
S0595,Student_595,16,Male,Bright Future School,98,98,67,56,82,401,80.2
S0596,Student_596,15,Male,Silver Oak High School,61,86,83,97,100,427,85.39999999999999
S0597,Student_597,15,Male,Silver Oak High School,97,71,89,55,63,375,75.0
S0598,Student_598,15,Female,Heritage High School,76,50,70,54,99,349,69.8
S0599,Student_599,15,Male,Silver Oak High School,69,98,99,71,51,388,77.60000000000001
S0600,Student_600,16,Male,Global Scholars Academy,69,91,65,85,81,391,78.2
S0601,Student_601,15,Female,Starlight Academy,50,85,72,78,81,366,73.2
S0602,Student_602,15,Male,Global Scholars Academy,52,67,55,75,51,300,60.0
S0603,Student_603,16,Male,Silver Oak High School,91,80,60,54,60,345,69.0
S0604,Student_604,15,Male,Crescent Public School,87,72,92,69,58,378,75.6
S0605,Student_605,15,Male,Green Valley School,82,82,51,79,90,384,76.8
S0606,Student_606,15,Female,Starlight Academy,99,81,56,70,73,379,75.8
S0607,Student_607,16,Male,Blue Ridge Academy,73,55,92,83,65,368,73.6
S0608,Student_608,16,Female,Oakwood International,80,69,90,72,64,375,75.0
S0609,Student_609,16,Female,Green Valley School,100,75,98,85,62,420,84.0
S0610,Student_610,16,Female,Heritage High School,66,58,76,76,50,326,65.2
S0611,Student_611,15,Male,Blue Ridge Academy,77,82,73,60,64,356,71.2
S0612,Student_612,15,Female,Oakwood International,64,59,87,79,56,345,69.0
S0613,Student_613,15,Male,Crescent Public School,89,98,79,60,76,402,80.4
S0614,Student_614,15,Male,Green Valley School,61,58,83,75,51,328,65.60000000000001
S0615,Student_615,15,Male,Crescent Public School,78,50,85,84,70,367,73.4
S0616,Student_616,16,Male,Sunrise High School,64,95,80,73,86,398,79.60000000000001
S0617,Student_617,16,Female,Silver Oak High School,60,50,72,54,56,292,58.4
S0618,Student_618,16,Male,Blue Ridge Academy,100,85,75,84,89,433,86.6
S0619,Student_619,16,Female,Sunrise High School,52,51,84,60,82,329,65.8
S0620,Student_620,16,Male,Sunrise High School,95,51,91,73,76,386,77.2
S0621,Student_621,16,Male,Heritage High School,100,75,61,75,88,399,79.80000000000001
S0622,Student_622,16,Male,Crescent Public School,60,84,98,81,93,416,83.2
S0623,Student_623,15,Male,Blue Ridge Academy,51,55,84,57,73,320,64.0
S0624,Student_624,16,Male,Silver Oak High School,97,94,80,51,95,417,83.39999999999999
S0625,Student_625,16,Female,Sunrise High School,65,54,60,95,63,337,67.4
S0626,Student_626,15,Male,Crescent Public School,71,94,78,98,61,402,80.4
S0627,Student_627,15,Female,Blue Ridge Academy,75,97,56,97,76,401,80.2
S0628,Student_628,16,Male,Heritage High School,88,86,87,68,62,391,78.2
S0629,Student_629,16,Female,Heritage High School,95,83,85,59,71,393,78.60000000000001
S0630,Student_630,15,Female,Global Scholars Academy,70,52,61,86,85,354,70.8
S0631,Student_631,15,Male,Global Scholars Academy,100,71,90,58,75,394,78.8
S0632,Student_632,16,Female,Heritage High School,99,69,77,84,82,411,82.19999999999999
S0633,Student_633,15,Female,Blue Ridge Academy,100,100,93,73,84,450,90.0
S0634,Student_634,16,Female,Green Valley School,58,60,67,81,87,353,70.6
S0635,Student_635,15,Female,Global Scholars Academy,63,62,64,80,88,357,71.39999999999999
S0636,Student_636,15,Female,Global Scholars Academy,65,51,95,94,78,383,76.6
S0637,Student_637,16,Male,Green Valley School,94,52,71,72,55,344,68.8
S0638,Student_638,16,Male,Silver Oak High School,67,69,98,63,72,369,73.8
S0639,Student_639,15,Male,Starlight Academy,87,76,68,88,64,383,76.6
S0640,Student_640,16,Male,Bright Future School,61,69,58,91,97,376,75.2
S0641,Student_641,16,Female,Green Valley School,78,75,87,81,96,417,83.39999999999999
S0642,Student_642,16,Female,Starlight Academy,68,52,81,81,53,335,67.0
S0643,Student_643,16,Female,Blue Ridge Academy,75,78,59,60,95,367,73.4
S0644,Student_644,15,Male,Heritage High School,61,79,82,57,68,347,69.39999999999999
S0645,Student_645,16,Male,Sunrise High School,71,99,76,98,69,413,82.6
S0646,Student_646,15,Female,Bright Future School,75,94,53,96,54,372,74.4
S0647,Student_647,15,Female,Starlight Academy,58,78,63,74,88,361,72.2
S0648,Student_648,15,Female,Starlight Academy,63,67,89,94,76,389,77.8
S0649,Student_649,15,Male,Starlight Academy,70,64,79,94,53,360,72.0
S0650,Student_650,15,Male,Oakwood International,58,86,73,62,72,351,70.19999999999999
S0651,Student_651,16,Male,Heritage High School,77,95,56,84,80,392,78.4
S0652,Student_652,15,Male,Bright Future School,81,58,55,76,82,352,70.39999999999999
S0653,Student_653,15,Female,Silver Oak High School,97,67,64,92,100,420,84.0
S0654,Student_654,16,Female,Silver Oak High School,55,82,78,94,64,373,74.6
S0655,Student_655,16,Female,Blue Ridge Academy,85,73,64,94,99,415,83.0
S0656,Student_656,16,Male,Sunrise High School,65,57,78,78,89,367,73.4
S0657,Student_657,15,Male,Starlight Academy,54,94,98,71,61,378,75.6
S0658,Student_658,16,Female,Global Scholars Academy,94,89,100,88,89,460,92.0
S0659,Student_659,16,Male,Global Scholars Academy,67,96,68,54,99,384,76.8
S0660,Student_660,15,Male,Green Valley School,69,83,61,60,88,361,72.2
S0661,Student_661,16,Female,Bright Future School,61,89,70,66,85,371,74.2
S0662,Student_662,15,Male,Oakwood International,83,82,77,51,53,346,69.19999999999999
S0663,Student_663,16,Female,Silver Oak High School,54,88,62,75,52,331,66.2
S0664,Student_664,16,Female,Blue Ridge Academy,65,52,90,59,99,365,73.0
S0665,Student_665,15,Female,Green Valley School,90,82,56,91,90,409,81.8
S0666,Student_666,15,Female,Green Valley School,73,71,71,63,75,353,70.6
S0667,Student_667,15,Female,Oakwood International,82,80,50,76,50,338,67.60000000000001
S0668,Student_668,15,Male,Blue Ridge Academy,80,59,79,77,55,350,70.0
S0669,Student_669,15,Female,Global Scholars Academy,57,97,89,72,71,386,77.2
S0670,Student_670,15,Male,Heritage High School,70,70,67,96,53,356,71.2
S0671,Student_671,15,Female,Blue Ridge Academy,92,98,68,71,76,405,81.0
S0672,Student_672,16,Female,Green Valley School,57,88,60,50,65,320,64.0
S0673,Student_673,16,Female,Sunrise High School,67,72,60,73,95,367,73.4
S0674,Student_674,15,Male,Oakwood International,55,51,80,52,78,316,63.2
S0675,Student_675,15,Male,Oakwood International,70,84,58,65,62,339,67.80000000000001
S0676,Student_676,15,Male,Oakwood International,69,88,95,83,62,397,79.4
S0677,Student_677,15,Male,Bright Future School,69,61,86,68,88,372,74.4
S0678,Student_678,16,Female,Silver Oak High School,95,88,59,88,94,424,84.8
S0679,Student_679,15,Male,Crescent Public School,82,51,70,83,65,351,70.19999999999999
S0680,Student_680,16,Male,Starlight Academy,94,50,70,89,75,378,75.6
S0681,Student_681,16,Female,Green Valley School,85,54,80,63,57,339,67.80000000000001
S0682,Student_682,15,Female,Sunrise High School,52,99,85,56,54,346,69.19999999999999
S0683,Student_683,16,Female,Silver Oak High School,66,85,94,98,81,424,84.8
S0684,Student_684,16,Male,Starlight Academy,51,75,52,71,89,338,67.60000000000001
S0685,Student_685,15,Female,Green Valley School,79,81,76,64,67,367,73.4
S0686,Student_686,15,Male,Bright Future School,96,76,78,55,64,369,73.8
S0687,Student_687,15,Female,Silver Oak High School,99,91,79,53,92,414,82.8
S0688,Student_688,16,Female,Heritage High School,51,60,79,86,59,335,67.0
S0689,Student_689,15,Male,Starlight Academy,84,99,81,83,70,417,83.39999999999999
S0690,Student_690,15,Male,Sunrise High School,93,83,87,75,58,396,79.2
S0691,Student_691,15,Female,Global Scholars Academy,95,87,60,51,82,375,75.0
S0692,Student_692,15,Female,Global Scholars Academy,76,86,98,93,88,441,88.2
S0693,Student_693,15,Female,Blue Ridge Academy,69,83,78,100,83,413,82.6
S0694,Student_694,16,Female,Starlight Academy,51,64,77,69,50,311,62.2
S0695,Student_695,15,Female,Starlight Academy,64,74,87,66,82,373,74.6
S0696,Student_696,15,Female,Starlight Academy,84,89,68,92,95,428,85.6
S0697,Student_697,16,Male,Blue Ridge Academy,98,57,76,83,64,378,75.6
S0698,Student_698,15,Female,Global Scholars Academy,87,95,93,65,66,406,81.2
S0699,Student_699,16,Male,Bright Future School,67,89,55,87,52,350,70.0
S0700,Student_700,16,Male,Heritage High School,50,88,86,51,59,334,66.8
S0701,Student_701,15,Female,Global Scholars Academy,97,80,55,60,69,361,72.2
S0702,Student_702,16,Female,Crescent Public School,85,83,85,92,54,399,79.80000000000001
S0703,Student_703,15,Female,Green Valley School,66,72,97,85,89,409,81.8
S0704,Student_704,15,Female,Bright Future School,73,63,72,88,72,368,73.6
S0705,Student_705,16,Female,Blue Ridge Academy,72,60,72,66,57,327,65.4
S0706,Student_706,15,Female,Crescent Public School,74,66,66,82,56,344,68.8
S0707,Student_707,15,Male,Silver Oak High School,56,79,84,97,69,385,77.0
S0708,Student_708,15,Male,Blue Ridge Academy,75,50,93,53,69,340,68.0
S0709,Student_709,16,Female,Crescent Public School,86,71,54,90,89,390,78.0
S0710,Student_710,16,Female,Silver Oak High School,86,100,73,60,68,387,77.4
S0711,Student_711,15,Male,Starlight Academy,50,82,70,83,51,336,67.2
S0712,Student_712,15,Female,Blue Ridge Academy,62,79,93,96,59,389,77.8
S0713,Student_713,15,Female,Heritage High School,58,61,57,97,95,368,73.6
S0714,Student_714,15,Male,Green Valley School,98,75,73,51,75,372,74.4
S0715,Student_715,16,Male,Silver Oak High School,85,60,58,85,51,339,67.80000000000001
S0716,Student_716,16,Female,Bright Future School,100,67,94,70,54,385,77.0
S0717,Student_717,15,Female,Oakwood International,75,50,57,50,95,327,65.4
S0718,Student_718,15,Male,Blue Ridge Academy,64,86,71,84,94,399,79.80000000000001
S0719,Student_719,15,Female,Starlight Academy,93,59,74,89,57,372,74.4
S0720,Student_720,15,Female,Crescent Public School,81,85,96,92,56,410,82.0
S0721,Student_721,15,Male,Oakwood International,65,60,52,58,79,314,62.8
S0722,Student_722,16,Female,Starlight Academy,88,59,58,74,54,333,66.60000000000001
S0723,Student_723,16,Female,Oakwood International,73,83,64,67,50,337,67.4
S0724,Student_724,16,Male,Silver Oak High School,98,77,77,95,77,424,84.8
S0725,Student_725,16,Male,Starlight Academy,97,85,63,61,59,365,73.0
S0726,Student_726,16,Female,Blue Ridge Academy,80,52,77,89,97,395,79.0
S0727,Student_727,16,Male,Heritage High School,77,62,71,94,51,355,71.0
S0728,Student_728,15,Female,Oakwood International,53,94,74,57,88,366,73.2
S0729,Student_729,16,Male,Green Valley School,85,100,53,90,80,408,81.6
S0730,Student_730,16,Male,Heritage High School,76,79,86,56,69,366,73.2
S0731,Student_731,15,Male,Crescent Public School,63,76,77,77,94,387,77.4
S0732,Student_732,16,Female,Silver Oak High School,90,58,98,79,59,384,76.8
S0733,Student_733,15,Female,Green Valley School,70,95,72,71,68,376,75.2
S0734,Student_734,16,Female,Bright Future School,57,97,79,73,79,385,77.0
S0735,Student_735,15,Female,Oakwood International,54,100,81,83,56,374,74.8
S0736,Student_736,16,Female,Heritage High School,91,95,90,73,74,423,84.6
S0737,Student_737,15,Female,Starlight Academy,72,97,75,66,86,396,79.2
S0738,Student_738,16,Female,Sunrise High School,65,94,73,84,80,396,79.2
S0739,Student_739,16,Male,Silver Oak High School,78,86,96,100,53,413,82.6
S0740,Student_740,16,Male,Bright Future School,88,89,65,53,98,393,78.60000000000001
S0741,Student_741,15,Male,Green Valley School,76,68,57,56,90,347,69.39999999999999
S0742,Student_742,15,Female,Global Scholars Academy,100,70,64,65,94,393,78.60000000000001
S0743,Student_743,16,Female,Silver Oak High School,90,66,78,80,87,401,80.2
S0744,Student_744,16,Male,Silver Oak High School,51,54,92,63,97,357,71.39999999999999
S0745,Student_745,15,Male,Starlight Academy,72,95,66,66,97,396,79.2
S0746,Student_746,16,Female,Silver Oak High School,72,63,87,51,96,369,73.8
S0747,Student_747,16,Female,Silver Oak High School,72,58,79,53,97,359,71.8
S0748,Student_748,16,Female,Blue Ridge Academy,81,75,91,76,77,400,80.0
S0749,Student_749,15,Female,Heritage High School,76,82,52,98,98,406,81.2
S0750,Student_750,16,Male,Silver Oak High School,83,71,64,76,62,356,71.2
S0751,Student_751,15,Male,Starlight Academy,69,58,70,63,93,353,70.6
S0752,Student_752,16,Male,Starlight Academy,91,87,75,82,77,412,82.39999999999999
S0753,Student_753,16,Male,Oakwood International,53,93,88,75,90,399,79.80000000000001
S0754,Student_754,16,Male,Starlight Academy,66,69,99,58,67,359,71.8
S0755,Student_755,16,Female,Heritage High School,84,88,68,80,88,408,81.6
S0756,Student_756,16,Female,Sunrise High School,65,99,70,68,87,389,77.8
S0757,Student_757,16,Male,Global Scholars Academy,83,75,81,96,57,392,78.4
S0758,Student_758,16,Male,Oakwood International,53,98,96,98,56,401,80.2
S0759,Student_759,16,Female,Silver Oak High School,88,96,71,89,54,398,79.60000000000001
S0760,Student_760,15,Female,Oakwood International,78,64,77,67,91,377,75.4
S0761,Student_761,15,Female,Sunrise High School,93,76,100,72,85,426,85.2
S0762,Student_762,15,Male,Global Scholars Academy,51,61,67,80,87,346,69.19999999999999
S0763,Student_763,15,Male,Oakwood International,80,80,85,87,84,416,83.2
S0764,Student_764,16,Female,Bright Future School,68,59,94,59,75,355,71.0
S0765,Student_765,15,Female,Sunrise High School,99,95,57,56,69,376,75.2
S0766,Student_766,16,Male,Blue Ridge Academy,88,81,81,51,70,371,74.2
S0767,Student_767,16,Male,Global Scholars Academy,77,98,80,67,69,391,78.2
S0768,Student_768,15,Male,Blue Ridge Academy,81,75,98,91,91,436,87.2
S0769,Student_769,15,Male,Crescent Public School,82,89,87,98,76,432,86.4
S0770,Student_770,15,Male,Starlight Academy,66,53,73,70,74,336,67.2
S0771,Student_771,16,Male,Global Scholars Academy,58,66,62,86,66,338,67.60000000000001
S0772,Student_772,16,Female,Bright Future School,94,57,88,55,67,361,72.2
S0773,Student_773,15,Male,Green Valley School,57,85,68,87,93,390,78.0
S0774,Student_774,15,Male,Bright Future School,66,61,99,75,72,373,74.6
S0775,Student_775,16,Female,Green Valley School,99,99,94,53,90,435,87.0
S0776,Student_776,16,Male,Starlight Academy,81,74,57,55,53,320,64.0
S0777,Student_777,16,Female,Blue Ridge Academy,65,85,69,91,54,364,72.8
S0778,Student_778,16,Male,Green Valley School,100,81,89,59,81,410,82.0
S0779,Student_779,15,Female,Bright Future School,63,70,91,60,85,369,73.8
S0780,Student_780,16,Female,Bright Future School,93,55,74,86,85,393,78.60000000000001
S0781,Student_781,15,Female,Bright Future School,83,92,65,95,80,415,83.0
S0782,Student_782,16,Female,Sunrise High School,72,89,71,72,88,392,78.4
S0783,Student_783,15,Female,Bright Future School,89,69,55,92,94,399,79.80000000000001
S0784,Student_784,15,Female,Green Valley School,52,84,95,68,74,373,74.6
S0785,Student_785,16,Female,Sunrise High School,96,63,80,98,81,418,83.6
S0786,Student_786,16,Male,Starlight Academy,74,67,65,82,56,344,68.8
S0787,Student_787,15,Male,Heritage High School,98,50,80,71,96,395,79.0
S0788,Student_788,15,Female,Starlight Academy,60,92,99,73,53,377,75.4
S0789,Student_789,16,Female,Starlight Academy,54,61,83,92,90,380,76.0
S0790,Student_790,15,Male,Sunrise High School,75,72,60,55,52,314,62.8
S0791,Student_791,15,Male,Sunrise High School,74,62,93,65,73,367,73.4
S0792,Student_792,16,Female,Silver Oak High School,67,100,83,70,59,379,75.8
S0793,Student_793,15,Female,Silver Oak High School,74,79,84,99,99,435,87.0
S0794,Student_794,15,Male,Bright Future School,68,66,64,66,98,362,72.39999999999999
S0795,Student_795,15,Male,Crescent Public School,89,86,90,77,60,402,80.4
S0796,Student_796,15,Female,Oakwood International,90,82,51,60,65,348,69.6
S0797,Student_797,15,Female,Blue Ridge Academy,70,70,61,53,76,330,66.0
S0798,Student_798,16,Male,Green Valley School,74,70,86,93,100,423,84.6
S0799,Student_799,15,Female,Oakwood International,83,95,83,52,72,385,77.0
S0800,Student_800,16,Male,Heritage High School,81,80,98,83,62,404,80.80000000000001
S0801,Student_801,15,Female,Blue Ridge Academy,70,94,94,95,54,407,81.39999999999999
S0802,Student_802,16,Female,Sunrise High School,84,67,67,88,54,360,72.0
S0803,Student_803,16,Female,Heritage High School,83,84,92,71,93,423,84.6
S0804,Student_804,16,Male,Silver Oak High School,92,54,79,57,71,353,70.6
S0805,Student_805,15,Male,Silver Oak High School,55,67,88,75,52,337,67.4
S0806,Student_806,15,Male,Bright Future School,64,50,74,65,98,351,70.19999999999999
S0807,Student_807,16,Female,Blue Ridge Academy,86,99,94,82,80,441,88.2
S0808,Student_808,15,Male,Blue Ridge Academy,100,97,84,69,81,431,86.2
S0809,Student_809,16,Male,Starlight Academy,63,75,93,97,80,408,81.6
S0810,Student_810,15,Female,Sunrise High School,77,88,56,61,84,366,73.2
S0811,Student_811,16,Male,Crescent Public School,51,72,60,56,64,303,60.6
S0812,Student_812,16,Female,Oakwood International,78,57,73,50,72,330,66.0
S0813,Student_813,16,Male,Silver Oak High School,62,77,72,95,54,360,72.0
S0814,Student_814,15,Male,Silver Oak High School,96,52,85,51,50,334,66.8
S0815,Student_815,15,Male,Oakwood International,64,99,70,58,90,381,76.2
S0816,Student_816,16,Female,Green Valley School,91,78,93,70,96,428,85.6
S0817,Student_817,15,Male,Silver Oak High School,84,79,60,77,91,391,78.2
S0818,Student_818,15,Female,Oakwood International,81,88,80,61,77,387,77.4
S0819,Student_819,15,Female,Crescent Public School,84,53,97,71,91,396,79.2
S0820,Student_820,16,Male,Crescent Public School,55,87,67,92,88,389,77.8
S0821,Student_821,15,Female,Blue Ridge Academy,86,57,74,72,76,365,73.0
S0822,Student_822,15,Female,Green Valley School,56,81,63,86,82,368,73.6
S0823,Student_823,16,Female,Crescent Public School,87,87,74,67,65,380,76.0
S0824,Student_824,15,Female,Crescent Public School,75,92,65,85,71,388,77.60000000000001
S0825,Student_825,15,Male,Green Valley School,60,78,75,82,74,369,73.8
S0826,Student_826,15,Male,Global Scholars Academy,79,78,91,78,73,399,79.80000000000001
S0827,Student_827,16,Male,Starlight Academy,50,85,89,50,51,325,65.0
S0828,Student_828,15,Male,Green Valley School,99,74,53,94,91,411,82.19999999999999
S0829,Student_829,16,Female,Heritage High School,62,97,87,88,88,422,84.39999999999999
S0830,Student_830,15,Male,Silver Oak High School,93,50,88,90,76,397,79.4
S0831,Student_831,16,Male,Crescent Public School,67,60,98,61,98,384,76.8
S0832,Student_832,15,Male,Sunrise High School,61,92,78,77,57,365,73.0
S0833,Student_833,16,Male,Green Valley School,59,58,86,58,59,320,64.0
S0834,Student_834,16,Male,Oakwood International,91,82,97,82,83,435,87.0
S0835,Student_835,16,Male,Global Scholars Academy,64,74,56,53,97,344,68.8
S0836,Student_836,15,Female,Blue Ridge Academy,75,88,63,93,74,393,78.60000000000001
S0837,Student_837,16,Male,Crescent Public School,65,56,93,96,50,360,72.0
S0838,Student_838,16,Male,Global Scholars Academy,66,100,72,65,73,376,75.2
S0839,Student_839,16,Female,Silver Oak High School,59,51,75,86,60,331,66.2
S0840,Student_840,16,Male,Global Scholars Academy,55,76,59,73,69,332,66.4
S0841,Student_841,15,Male,Blue Ridge Academy,58,97,60,57,51,323,64.60000000000001
S0842,Student_842,15,Female,Blue Ridge Academy,76,85,55,84,62,362,72.39999999999999
S0843,Student_843,15,Male,Starlight Academy,67,63,92,84,89,395,79.0
S0844,Student_844,15,Female,Sunrise High School,80,91,67,76,85,399,79.80000000000001
S0845,Student_845,16,Female,Crescent Public School,73,73,77,60,76,359,71.8
S0846,Student_846,16,Male,Starlight Academy,78,88,61,85,86,398,79.60000000000001
S0847,Student_847,16,Male,Bright Future School,94,80,100,83,96,453,90.60000000000001
S0848,Student_848,15,Female,Starlight Academy,96,89,99,60,73,417,83.39999999999999
S0849,Student_849,15,Female,Silver Oak High School,54,51,88,81,62,336,67.2
S0850,Student_850,15,Male,Global Scholars Academy,69,95,93,66,68,391,78.2
S0851,Student_851,16,Male,Oakwood International,94,97,54,69,95,409,81.8
S0852,Student_852,15,Female,Starlight Academy,85,74,98,81,95,433,86.6
S0853,Student_853,15,Male,Oakwood International,80,88,77,64,50,359,71.8
S0854,Student_854,15,Male,Silver Oak High School,72,97,99,90,53,411,82.19999999999999
S0855,Student_855,15,Female,Oakwood International,97,53,98,81,69,398,79.60000000000001
S0856,Student_856,15,Female,Sunrise High School,53,58,91,80,81,363,72.6
S0857,Student_857,16,Male,Global Scholars Academy,69,93,85,77,68,392,78.4
S0858,Student_858,16,Female,Global Scholars Academy,73,89,83,59,74,378,75.6
S0859,Student_859,15,Female,Green Valley School,56,70,56,68,72,322,64.4
S0860,Student_860,16,Male,Silver Oak High School,56,64,53,92,75,340,68.0
S0861,Student_861,16,Male,Blue Ridge Academy,62,94,55,72,71,354,70.8
S0862,Student_862,16,Male,Silver Oak High School,55,79,93,76,89,392,78.4
S0863,Student_863,15,Female,Heritage High School,62,60,99,91,84,396,79.2
S0864,Student_864,16,Male,Crescent Public School,77,72,82,66,88,385,77.0
S0865,Student_865,16,Female,Blue Ridge Academy,67,72,67,73,72,351,70.19999999999999
S0866,Student_866,15,Female,Green Valley School,63,73,99,56,91,382,76.4
S0867,Student_867,15,Female,Bright Future School,86,90,56,54,100,386,77.2
S0868,Student_868,16,Female,Heritage High School,90,75,54,100,51,370,74.0
S0869,Student_869,16,Male,Bright Future School,71,60,83,87,61,362,72.39999999999999
S0870,Student_870,16,Female,Crescent Public School,61,90,71,53,89,364,72.8
S0871,Student_871,16,Female,Oakwood International,75,97,63,89,62,386,77.2
S0872,Student_872,16,Male,Silver Oak High School,57,90,62,83,82,374,74.8
S0873,Student_873,16,Male,Crescent Public School,69,89,73,92,92,415,83.0
S0874,Student_874,15,Female,Crescent Public School,93,69,75,75,75,387,77.4
S0875,Student_875,16,Male,Heritage High School,58,86,98,67,68,377,75.4
S0876,Student_876,16,Male,Crescent Public School,63,60,96,94,86,399,79.80000000000001
S0877,Student_877,16,Male,Blue Ridge Academy,85,83,72,64,50,354,70.8
S0878,Student_878,16,Female,Blue Ridge Academy,64,64,59,74,64,325,65.0
S0879,Student_879,16,Female,Oakwood International,98,80,65,55,77,375,75.0
S0880,Student_880,15,Male,Sunrise High School,100,84,87,73,99,443,88.6
S0881,Student_881,16,Male,Silver Oak High School,70,71,83,53,96,373,74.6
S0882,Student_882,16,Female,Oakwood International,99,79,93,50,86,407,81.39999999999999
S0883,Student_883,15,Female,Global Scholars Academy,53,67,96,92,50,358,71.6
S0884,Student_884,15,Female,Blue Ridge Academy,77,59,71,80,96,383,76.6
S0885,Student_885,15,Male,Heritage High School,50,94,70,71,52,337,67.4
S0886,Student_886,16,Male,Sunrise High School,59,65,53,60,66,303,60.6
S0887,Student_887,16,Female,Blue Ridge Academy,88,69,88,68,61,374,74.8
S0888,Student_888,15,Male,Silver Oak High School,51,97,55,86,99,388,77.60000000000001
S0889,Student_889,16,Female,Green Valley School,69,74,67,55,75,340,68.0
S0890,Student_890,15,Female,Sunrise High School,70,92,74,76,80,392,78.4
S0891,Student_891,16,Male,Bright Future School,60,96,98,78,88,420,84.0
S0892,Student_892,15,Male,Bright Future School,93,74,58,68,64,357,71.39999999999999
S0893,Student_893,15,Male,Heritage High School,97,59,51,75,63,345,69.0
S0894,Student_894,16,Female,Blue Ridge Academy,76,50,80,95,97,398,79.60000000000001
S0895,Student_895,15,Female,Silver Oak High School,90,85,76,61,74,386,77.2
S0896,Student_896,16,Female,Crescent Public School,64,89,63,88,83,387,77.4
S0897,Student_897,16,Male,Starlight Academy,99,52,76,50,85,362,72.39999999999999
S0898,Student_898,15,Female,Green Valley School,86,74,58,90,66,374,74.8
S0899,Student_899,15,Male,Sunrise High School,71,55,52,96,72,346,69.19999999999999
S0900,Student_900,15,Male,Global Scholars Academy,52,53,75,75,95,350,70.0
S0901,Student_901,16,Female,Green Valley School,53,53,69,85,78,338,67.60000000000001
S0902,Student_902,16,Female,Bright Future School,73,96,88,68,87,412,82.39999999999999
S0903,Student_903,15,Female,Global Scholars Academy,70,56,68,95,63,352,70.39999999999999
S0904,Student_904,15,Female,Global Scholars Academy,75,53,83,78,50,339,67.80000000000001
S0905,Student_905,15,Female,Bright Future School,94,72,95,82,78,421,84.2
S0906,Student_906,16,Female,Sunrise High School,64,89,66,66,84,369,73.8
S0907,Student_907,15,Male,Sunrise High School,54,68,77,88,92,379,75.8
S0908,Student_908,15,Female,Global Scholars Academy,82,85,56,65,58,346,69.19999999999999
S0909,Student_909,16,Female,Global Scholars Academy,71,56,50,55,80,312,62.4
S0910,Student_910,15,Male,Heritage High School,88,84,69,60,73,374,74.8
S0911,Student_911,16,Female,Global Scholars Academy,58,95,57,63,53,326,65.2
S0912,Student_912,16,Female,Silver Oak High School,78,98,66,76,82,400,80.0
S0913,Student_913,16,Female,Silver Oak High School,83,97,82,83,61,406,81.2
S0914,Student_914,16,Female,Bright Future School,67,71,54,94,56,342,68.4
S0915,Student_915,15,Female,Sunrise High School,67,81,74,73,84,379,75.8
S0916,Student_916,15,Female,Starlight Academy,52,74,74,84,91,375,75.0
S0917,Student_917,16,Male,Blue Ridge Academy,66,86,97,86,61,396,79.2
S0918,Student_918,16,Female,Bright Future School,53,97,77,98,77,402,80.4
S0919,Student_919,15,Female,Green Valley School,88,53,98,90,50,379,75.8
S0920,Student_920,16,Male,Bright Future School,67,82,86,88,94,417,83.39999999999999
S0921,Student_921,16,Male,Blue Ridge Academy,83,100,56,93,69,401,80.2
S0922,Student_922,16,Male,Crescent Public School,71,58,90,63,86,368,73.6
S0923,Student_923,15,Male,Bright Future School,62,51,71,72,73,329,65.8
S0924,Student_924,16,Male,Sunrise High School,83,60,100,82,51,376,75.2
S0925,Student_925,15,Male,Sunrise High School,69,87,70,53,92,371,74.2
S0926,Student_926,16,Male,Crescent Public School,52,74,66,85,56,333,66.60000000000001
S0927,Student_927,16,Female,Bright Future School,87,60,56,82,96,381,76.2
S0928,Student_928,15,Male,Global Scholars Academy,56,96,93,51,56,352,70.39999999999999
S0929,Student_929,16,Female,Starlight Academy,89,80,51,68,82,370,74.0
S0930,Student_930,15,Male,Oakwood International,85,52,65,92,75,369,73.8
S0931,Student_931,16,Female,Oakwood International,73,62,86,87,88,396,79.2
S0932,Student_932,16,Female,Silver Oak High School,92,79,54,66,94,385,77.0
S0933,Student_933,15,Female,Global Scholars Academy,61,63,79,75,97,375,75.0
S0934,Student_934,16,Female,Sunrise High School,63,88,79,89,77,396,79.2
S0935,Student_935,15,Female,Starlight Academy,94,71,93,65,77,400,80.0
S0936,Student_936,16,Female,Silver Oak High School,96,79,59,65,100,399,79.80000000000001
S0937,Student_937,16,Male,Green Valley School,62,80,87,97,75,401,80.2
S0938,Student_938,15,Male,Green Valley School,99,55,54,88,90,386,77.2
S0939,Student_939,15,Female,Global Scholars Academy,91,90,88,76,95,440,88.0
S0940,Student_940,16,Female,Oakwood International,77,64,92,82,67,382,76.4
S0941,Student_941,15,Female,Green Valley School,91,66,76,70,96,399,79.80000000000001
S0942,Student_942,16,Female,Silver Oak High School,65,54,50,73,65,307,61.4
S0943,Student_943,16,Male,Heritage High School,52,82,96,61,76,367,73.4
S0944,Student_944,15,Female,Crescent Public School,72,55,58,87,93,365,73.0
S0945,Student_945,16,Male,Oakwood International,89,80,86,68,98,421,84.2
S0946,Student_946,15,Female,Sunrise High School,81,63,95,58,73,370,74.0
S0947,Student_947,15,Female,Sunrise High School,73,66,58,56,50,303,60.6
S0948,Student_948,16,Male,Heritage High School,63,58,68,75,58,322,64.4
S0949,Student_949,15,Female,Oakwood International,86,80,90,81,100,437,87.4
S0950,Student_950,16,Female,Heritage High School,98,52,95,100,72,417,83.39999999999999
S0951,Student_951,16,Male,Sunrise High School,87,63,57,74,50,331,66.2
S0952,Student_952,15,Male,Green Valley School,91,57,79,85,74,386,77.2
S0953,Student_953,15,Female,Blue Ridge Academy,91,64,55,97,99,406,81.2
S0954,Student_954,16,Male,Blue Ridge Academy,97,63,74,51,92,377,75.4
S0955,Student_955,15,Male,Heritage High School,84,74,69,52,66,345,69.0
S0956,Student_956,15,Male,Oakwood International,78,71,63,70,57,339,67.80000000000001
S0957,Student_957,15,Male,Global Scholars Academy,74,63,89,72,61,359,71.8
S0958,Student_958,16,Male,Heritage High School,81,84,53,54,74,346,69.19999999999999
S0959,Student_959,16,Female,Sunrise High School,60,57,70,82,75,344,68.8
S0960,Student_960,15,Male,Blue Ridge Academy,96,72,79,77,65,389,77.8
S0961,Student_961,16,Female,Crescent Public School,92,100,69,66,59,386,77.2
S0962,Student_962,15,Male,Oakwood International,81,62,57,65,90,355,71.0
S0963,Student_963,16,Male,Bright Future School,65,90,86,80,74,395,79.0
S0964,Student_964,16,Male,Crescent Public School,77,93,50,66,52,338,67.60000000000001
S0965,Student_965,16,Female,Crescent Public School,66,86,84,100,68,404,80.80000000000001
S0966,Student_966,16,Female,Oakwood International,77,68,77,64,51,337,67.4
S0967,Student_967,15,Male,Blue Ridge Academy,69,70,70,57,71,337,67.4
S0968,Student_968,15,Male,Green Valley School,68,94,84,67,71,384,76.8
S0969,Student_969,15,Female,Blue Ridge Academy,91,72,83,82,87,415,83.0
S0970,Student_970,15,Male,Global Scholars Academy,96,63,65,78,83,385,77.0
S0971,Student_971,15,Female,Oakwood International,86,58,95,56,75,370,74.0
S0972,Student_972,15,Female,Blue Ridge Academy,73,61,61,67,73,335,67.0
S0973,Student_973,15,Male,Silver Oak High School,77,79,82,53,69,360,72.0
S0974,Student_974,15,Male,Bright Future School,97,58,53,80,55,343,68.60000000000001
S0975,Student_975,15,Female,Bright Future School,59,73,93,79,70,374,74.8
S0976,Student_976,16,Female,Blue Ridge Academy,56,93,100,79,72,400,80.0
S0977,Student_977,16,Male,Crescent Public School,100,75,96,58,94,423,84.6
S0978,Student_978,15,Male,Global Scholars Academy,64,99,69,100,84,416,83.2
S0979,Student_979,16,Male,Green Valley School,72,65,61,90,99,387,77.4
S0980,Student_980,16,Male,Silver Oak High School,90,70,55,83,88,386,77.2
S0981,Student_981,15,Female,Silver Oak High School,92,66,67,97,79,401,80.2
S0982,Student_982,15,Male,Heritage High School,89,57,61,69,51,327,65.4
S0983,Student_983,15,Male,Global Scholars Academy,56,82,73,83,62,356,71.2
S0984,Student_984,15,Male,Starlight Academy,89,62,67,70,50,338,67.60000000000001
S0985,Student_985,15,Male,Crescent Public School,54,95,54,81,53,337,67.4
S0986,Student_986,16,Male,Bright Future School,98,64,63,62,93,380,76.0
S0987,Student_987,15,Male,Sunrise High School,73,98,57,94,83,405,81.0
S0988,Student_988,16,Male,Bright Future School,70,100,53,50,72,345,69.0
S0989,Student_989,15,Male,Global Scholars Academy,69,63,92,76,96,396,79.2
S0990,Student_990,16,Male,Bright Future School,61,70,64,76,57,328,65.60000000000001
S0991,Student_991,15,Female,Blue Ridge Academy,57,66,98,53,90,364,72.8
S0992,Student_992,16,Male,Oakwood International,97,67,52,55,52,323,64.60000000000001
S0993,Student_993,15,Male,Crescent Public School,82,98,77,52,57,366,73.2
S0994,Student_994,16,Female,Blue Ridge Academy,78,66,53,74,72,343,68.60000000000001
S0995,Student_995,15,Male,Sunrise High School,52,100,71,73,74,370,74.0
S0996,Student_996,16,Male,Sunrise High School,60,76,75,80,73,364,72.8
S0997,Student_997,16,Female,Crescent Public School,65,72,83,73,76,369,73.8
S0998,Student_998,16,Female,Crescent Public School,61,93,92,57,87,390,78.0
S0999,Student_999,16,Female,Green Valley School,57,58,83,77,52,327,65.4
S1000,Student_1000,15,Female,Sunrise High School,57,74,78,61,58,328,65.60000000000001
