Student_ID,Name,Age,Gender,School_Name,Maths,Science,English,Social_Studies,Language,Overall_Score,Percentage (%),Normalized_Percentage
S0030,Student_30,15,Female,Bright Future School,87,97,80,53,62,379,75.8,0.758
S0536,Student_536,16,Male,Blue Ridge Academy,86,50,56,100,66,358,71.6,0.716
S0696,Student_696,15,Male,Starlight Academy,74,58,86,99,91,408,81.6,0.816
S0558,Student_558,16,Female,Green Valley School,73,76,69,86,89,393,78.60000000000001,0.786
S0837,Student_837,16,Male,Silver Oak High School,57,84,75,64,81,361,72.2,0.722
S0597,Student_597,16,Male,Heritage High School,86,66,56,55,87,350,70.0,0.7
S0166,Student_166,16,Male,Green Valley School,62,73,61,69,71,336,67.2,0.672
S0919,Student_919,15,Male,Oakwood International,61,68,66,97,66,358,71.6,0.716
S0496,Student_496,15,Female,Starlight Academy,59,81,80,69,54,343,68.60000000000001,0.686
S0825,Student_825,15,Male,Bright Future School,85,100,96,72,52,405,81.0,0.81
S0066,Student_66,16,Female,Bright Future School,97,69,70,73,59,368,73.6,0.736
S0142,Student_142,16,Female,Bright Future School,60,73,71,66,80,350,70.0,0.7
S0926,Student_926,15,Male,Green Valley School,78,60,63,100,76,377,75.4,0.754
S0828,Student_828,16,Male,Oakwood International,70,53,74,95,67,359,71.8,0.718
S0656,Student_656,16,Male,Sunrise High School,62,76,50,54,67,309,61.8,0.618
S0332,Student_332,16,Male,Sunrise High School,85,74,61,61,58,339,67.80000000000001,0.6780000000000002
S0665,Student_665,15,Male,Silver Oak High School,77,58,66,62,79,342,68.4,0.684
S0250,Student_250,15,Female,Blue Ridge Academy,73,93,50,80,63,359,71.8,0.718
S0908,Student_908,15,Female,Heritage High School,71,72,99,67,99,408,81.6,0.816
S0709,Student_709,16,Male,Starlight Academy,62,55,85,82,59,343,68.60000000000001,0.686
S0306,Student_306,15,Male,Green Valley School,100,65,54,50,82,351,70.19999999999999,0.7019999999999998
S0735,Student_735,15,Male,Global Scholars Academy,53,72,85,97,63,370,74.0,0.74
S0976,Student_976,16,Female,Starlight Academy,98,80,88,54,93,413,82.6,0.826
S0050,Student_50,16,Female,Green Valley School,100,97,69,70,94,430,86.0,0.86
S0897,Student_897,15,Female,Oakwood International,77,63,66,78,92,376,75.2,0.752
S0003,Student_3,15,Male,Bright Future School,78,56,58,88,60,340,68.0,0.68
S0545,Student_545,15,Male,Heritage High School,57,99,60,59,58,333,66.60000000000001,0.666
S0351,Student_351,15,Female,Crescent Public School,62,66,55,61,63,307,61.4,0.614
S0905,Student_905,16,Female,Silver Oak High School,85,62,69,52,57,325,65.0,0.65
S0537,Student_537,16,Female,Silver Oak High School,70,96,52,85,66,369,73.8,0.738
S0345,Student_345,15,Male,Crescent Public School,100,94,80,55,84,413,82.6,0.826
S0995,Student_995,15,Female,Silver Oak High School,92,89,82,81,51,395,79.0,0.79
S0482,Student_482,15,Male,Silver Oak High School,68,74,68,70,67,347,69.39999999999999,0.694
S0576,Student_576,16,Male,Bright Future School,68,91,94,94,66,413,82.6,0.826
S0034,Student_34,15,Male,Heritage High School,63,58,96,70,93,380,76.0,0.76
S0032,Student_32,15,Female,Starlight Academy,56,53,72,74,60,315,63.0,0.63
S0232,Student_232,16,Male,Global Scholars Academy,99,79,51,96,56,381,76.2,0.762
S0964,Student_964,16,Female,Bright Future School,89,81,88,82,66,406,81.2,0.812
S0193,Student_193,16,Male,Sunrise High School,83,66,55,85,82,371,74.2,0.742
S0334,Student_334,15,Male,Bright Future School,95,64,50,94,99,402,80.4,0.804
S0004,Student_4,16,Female,Starlight Academy,52,86,99,77,91,405,81.0,0.81
S0205,Student_205,15,Female,Heritage High School,99,87,63,51,54,354,70.8,0.708
S0515,Student_515,15,Male,Global Scholars Academy,98,80,74,83,100,435,87.0,0.87
S0800,Student_800,15,Female,Crescent Public School,85,52,77,97,92,403,80.60000000000001,0.806
S0307,Student_307,15,Female,Heritage High School,77,54,60,87,91,369,73.8,0.738
S0110,Student_110,16,Female,Starlight Academy,84,98,65,54,75,376,75.2,0.752
S0431,Student_431,15,Female,Green Valley School,57,58,95,78,93,381,76.2,0.762
S0078,Student_78,16,Male,Green Valley School,79,90,68,68,99,404,80.80000000000001,0.8080000000000002
S0085,Student_85,16,Female,Silver Oak High School,52,62,97,82,85,378,75.6,0.7559999999999999
S0287,Student_287,16,Female,Crescent Public School,89,71,96,70,52,378,75.6,0.7559999999999999
S0083,Student_83,15,Female,Heritage High School,54,81,90,70,93,388,77.60000000000001,0.7760000000000001
S0992,Student_992,16,Female,Bright Future School,52,54,57,59,83,305,61.0,0.61
S0790,Student_790,16,Male,Green Valley School,87,91,94,85,58,415,83.0,0.83
S0895,Student_895,15,Male,Sunrise High School,55,81,78,89,51,354,70.8,0.708
S0399,Student_399,16,Male,Global Scholars Academy,70,85,82,99,97,433,86.6,0.866
S0324,Student_324,15,Male,Sunrise High School,50,83,75,67,57,332,66.4,0.664
S0520,Student_520,15,Male,Silver Oak High School,81,97,64,99,58,399,79.80000000000001,0.7980000000000002
S0917,Student_917,15,Male,Crescent Public School,70,73,61,78,84,366,73.2,0.732
S0923,Student_923,15,Female,Global Scholars Academy,75,71,60,67,50,323,64.60000000000001,0.6460000000000001
S0006,Student_6,16,Male,Heritage High School,50,87,81,96,89,403,80.60000000000001,0.806
S0732,Student_732,16,Male,Bright Future School,70,64,98,86,54,372,74.4,0.7440000000000001
S0466,Student_466,16,Male,Starlight Academy,96,63,92,99,51,401,80.2,0.802
S0098,Student_98,16,Male,Blue Ridge Academy,56,61,65,75,99,356,71.2,0.7120000000000001
S0267,Student_267,15,Male,Crescent Public School,50,78,70,79,60,337,67.4,0.674
S0358,Student_358,16,Female,Global Scholars Academy,84,66,72,88,66,376,75.2,0.752
S0869,Student_869,15,Male,Sunrise High School,50,67,66,52,99,334,66.8,0.6679999999999999
S0799,Student_799,16,Female,Bright Future School,76,74,96,75,77,398,79.60000000000001,0.796
S0381,Student_381,16,Female,Crescent Public School,81,61,63,57,84,346,69.19999999999999,0.6919999999999998
S0632,Student_632,15,Male,Global Scholars Academy,77,58,98,55,50,338,67.60000000000001,0.676
S0382,Student_382,16,Female,Bright Future School,81,88,88,53,78,388,77.60000000000001,0.7760000000000001
S0491,Student_491,15,Male,Sunrise High School,92,80,98,74,74,418,83.6,0.836
S0119,Student_119,16,Female,Heritage High School,59,59,54,77,52,301,60.2,0.602
S0901,Student_901,16,Male,Green Valley School,83,51,65,71,78,348,69.6,0.696
S0251,Student_251,15,Female,Blue Ridge Academy,96,67,64,93,51,371,74.2,0.742
S0524,Student_524,15,Male,Blue Ridge Academy,90,54,99,82,67,392,78.4,0.784
S0010,Student_10,16,Male,Sunrise High School,66,62,68,59,64,319,63.8,0.638
S0197,Student_197,15,Male,Bright Future School,65,84,67,53,69,338,67.60000000000001,0.676
S0604,Student_604,15,Female,Bright Future School,57,57,87,83,84,368,73.6,0.736
S0082,Student_82,15,Male,Starlight Academy,60,62,51,78,88,339,67.80000000000001,0.6780000000000002
S0784,Student_784,16,Male,Green Valley School,55,72,91,83,92,393,78.60000000000001,0.786
S0588,Student_588,15,Male,Sunrise High School,61,75,88,58,82,364,72.8,0.728
S0798,Student_798,15,Male,Heritage High School,86,52,62,55,95,350,70.0,0.7
S0240,Student_240,16,Female,Silver Oak High School,87,98,51,64,57,357,71.39999999999999,0.714
S0291,Student_291,16,Male,Sunrise High School,62,60,52,83,64,321,64.2,0.642
S0212,Student_212,15,Male,Global Scholars Academy,55,100,65,60,90,370,74.0,0.74
S0718,Student_718,15,Female,Starlight Academy,83,51,74,96,66,370,74.0,0.74
S0360,Student_360,15,Male,Green Valley School,69,58,59,64,93,343,68.60000000000001,0.686
S0450,Student_450,15,Female,Crescent Public School,67,79,76,99,60,381,76.2,0.762
S0228,Student_228,15,Female,Oakwood International,91,59,80,93,69,392,78.4,0.784
S0951,Student_951,15,Female,Crescent Public School,71,55,74,86,94,380,76.0,0.76
S0947,Student_947,16,Female,Global Scholars Academy,90,67,87,60,91,395,79.0,0.79
S0797,Student_797,16,Male,Blue Ridge Academy,61,68,64,82,51,326,65.2,0.652
S0502,Student_502,16,Male,Sunrise High School,86,58,73,58,57,332,66.4,0.664
S0465,Student_465,15,Female,Bright Future School,55,80,62,91,77,365,73.0,0.73
S0363,Student_363,16,Male,Heritage High School,61,83,89,94,75,402,80.4,0.804
S0469,Student_469,15,Male,Sunrise High School,71,82,75,89,89,406,81.2,0.812
S0936,Student_936,15,Female,Green Valley School,87,56,92,92,83,410,82.0,0.82
S0429,Student_429,15,Female,Green Valley School,66,55,64,70,78,333,66.60000000000001,0.666
S0008,Student_8,15,Male,Sunrise High School,90,92,53,85,83,403,80.60000000000001,0.806
S0156,Student_156,16,Female,Blue Ridge Academy,93,88,78,86,86,431,86.2,0.862
S0542,Student_542,16,Male,Oakwood International,80,86,100,81,75,422,84.39999999999999,0.8439999999999999
S0441,Student_441,16,Male,Silver Oak High School,69,79,86,80,76,390,78.0,0.78
S0483,Student_483,16,Female,Silver Oak High School,50,56,92,81,52,331,66.2,0.662
S0423,Student_423,15,Female,Blue Ridge Academy,58,80,56,70,58,322,64.4,0.644
S0779,Student_779,16,Male,Sunrise High School,69,59,87,74,76,365,73.0,0.73
S0950,Student_950,16,Male,Oakwood International,74,74,68,64,54,334,66.8,0.6679999999999999
S0335,Student_335,16,Female,Starlight Academy,88,74,60,77,92,391,78.2,0.782
S0577,Student_577,16,Female,Green Valley School,57,68,75,97,51,348,69.6,0.696
S0935,Student_935,16,Female,Sunrise High School,63,72,84,81,73,373,74.6,0.746
S0568,Student_568,15,Male,Green Valley School,82,82,62,90,76,392,78.4,0.784
S0595,Student_595,16,Male,Heritage High School,84,66,76,84,79,389,77.8,0.778
S0531,Student_531,15,Female,Starlight Academy,61,51,99,80,75,366,73.2,0.732
S0582,Student_582,15,Male,Bright Future School,83,75,84,72,94,408,81.6,0.816
S0708,Student_708,16,Female,Bright Future School,81,84,100,76,84,425,85.0,0.85
S0449,Student_449,16,Male,Sunrise High School,78,73,72,92,65,380,76.0,0.76
S0454,Student_454,16,Female,Green Valley School,99,81,95,64,73,412,82.39999999999999,0.824
S0229,Student_229,15,Female,Starlight Academy,97,81,61,72,70,381,76.2,0.762
S0353,Student_353,16,Female,Bright Future School,89,70,54,93,53,359,71.8,0.718
S0729,Student_729,15,Female,Sunrise High School,78,77,70,50,50,325,65.0,0.65
S0213,Student_213,15,Male,Global Scholars Academy,56,96,63,88,59,362,72.39999999999999,0.7239999999999999
S0080,Student_80,16,Female,Silver Oak High School,80,54,65,96,73,368,73.6,0.736
S0149,Student_149,15,Male,Bright Future School,70,94,89,62,62,377,75.4,0.754
S0303,Student_303,16,Male,Heritage High School,97,93,86,79,98,453,90.6,0.9059999999999999
S0629,Student_629,15,Male,Starlight Academy,95,81,92,77,57,402,80.4,0.804
S0778,Student_778,15,Female,Oakwood International,73,51,61,99,96,380,76.0,0.76
S0507,Student_507,16,Female,Starlight Academy,70,89,65,93,73,390,78.0,0.78
S0343,Student_343,15,Female,Global Scholars Academy,84,96,74,94,55,403,80.60000000000001,0.806
S0486,Student_486,15,Male,Silver Oak High School,91,53,53,74,90,361,72.2,0.722
S0712,Student_712,15,Male,Sunrise High School,68,92,97,82,99,438,87.6,0.8759999999999999
S0134,Student_134,15,Female,Green Valley School,61,80,63,82,61,347,69.39999999999999,0.694
S0704,Student_704,16,Female,Starlight Academy,76,65,70,87,66,364,72.8,0.728
S0312,Student_312,16,Female,Heritage High School,82,80,60,77,73,372,74.4,0.7440000000000001
S0723,Student_723,15,Male,Silver Oak High School,68,93,76,66,71,374,74.8,0.748
S0630,Student_630,16,Female,Blue Ridge Academy,56,71,91,94,63,375,75.0,0.75
S0001,Student_1,16,Male,Starlight Academy,65,62,66,61,63,317,63.4,0.634
S0317,Student_317,16,Male,Crescent Public School,88,63,72,81,85,389,77.8,0.778
S0707,Student_707,15,Female,Crescent Public School,70,91,86,78,80,405,81.0,0.81
S0548,Student_548,15,Female,Green Valley School,70,71,74,62,75,352,70.39999999999999,0.704
S0873,Student_873,16,Female,Green Valley School,93,87,70,84,75,409,81.8,0.818
S0533,Student_533,16,Female,Bright Future School,51,82,67,54,68,322,64.4,0.644
S0478,Student_478,15,Male,Oakwood International,91,65,84,79,51,370,74.0,0.74
S0405,Student_405,15,Male,Green Valley School,61,78,98,93,96,426,85.2,0.852
S0173,Student_173,16,Male,Oakwood International,91,70,82,78,53,374,74.8,0.748
S0126,Student_126,15,Male,Oakwood International,83,68,96,98,51,396,79.2,0.792
S0395,Student_395,15,Male,Blue Ridge Academy,65,68,84,68,56,341,68.2,0.682
S0421,Student_421,16,Male,Oakwood International,64,69,62,75,78,348,69.6,0.696
S0553,Student_553,15,Male,Blue Ridge Academy,62,53,87,93,56,351,70.19999999999999,0.7019999999999998
S0904,Student_904,15,Female,Blue Ridge Academy,64,80,99,88,81,412,82.39999999999999,0.824
S0091,Student_91,16,Female,Starlight Academy,93,64,86,71,72,386,77.2,0.772
S0940,Student_940,16,Male,Sunrise High School,65,94,72,72,68,371,74.2,0.742
S0182,Student_182,16,Male,Crescent Public School,62,56,90,73,67,348,69.6,0.696
S0275,Student_275,15,Female,Global Scholars Academy,100,95,99,95,63,452,90.4,0.904
S0896,Student_896,15,Male,Bright Future School,92,62,60,62,93,369,73.8,0.738
S0070,Student_70,16,Male,Oakwood International,92,62,98,86,77,415,83.0,0.83
S0292,Student_292,15,Male,Global Scholars Academy,98,74,87,67,90,416,83.2,0.8320000000000001
S0132,Student_132,16,Male,Oakwood International,72,78,59,56,63,328,65.60000000000001,0.6560000000000001
S0301,Student_301,16,Female,Heritage High School,82,54,64,79,74,353,70.6,0.706
S0425,Student_425,15,Male,Oakwood International,94,71,81,81,65,392,78.4,0.784
S0327,Student_327,16,Male,Silver Oak High School,84,80,94,55,73,386,77.2,0.772
S0145,Student_145,16,Male,Starlight Academy,94,81,69,60,94,398,79.60000000000001,0.796
S0424,Student_424,16,Female,Bright Future School,78,67,84,70,99,398,79.60000000000001,0.796
S0581,Student_581,15,Male,Green Valley School,80,86,85,97,61,409,81.8,0.818
S0136,Student_136,15,Female,Crescent Public School,57,59,81,92,96,385,77.0,0.77
S0451,Student_451,16,Male,Heritage High School,74,91,65,100,93,423,84.6,0.846
S0165,Student_165,16,Male,Bright Future School,60,59,68,74,50,311,62.2,0.622
S0029,Student_29,15,Female,Heritage High School,53,99,51,74,96,373,74.6,0.746
S0774,Student_774,15,Female,Green Valley School,88,60,93,90,81,412,82.39999999999999,0.824
S0194,Student_194,15,Male,Bright Future School,74,87,61,95,59,376,75.2,0.752
S0389,Student_389,16,Male,Global Scholars Academy,79,85,88,80,95,427,85.39999999999999,0.8539999999999999
S0853,Student_853,16,Female,Blue Ridge Academy,80,94,84,69,92,419,83.8,0.838
S0170,Student_170,16,Male,Oakwood International,67,95,73,88,92,415,83.0,0.83
S0706,Student_706,15,Female,Silver Oak High School,77,51,71,83,54,336,67.2,0.672
S0141,Student_141,16,Male,Global Scholars Academy,84,66,79,78,87,394,78.8,0.7879999999999999
S0174,Student_174,16,Female,Starlight Academy,79,87,80,78,59,383,76.6,0.7659999999999999
S0007,Student_7,16,Male,Silver Oak High School,77,86,55,64,77,359,71.8,0.718
S0746,Student_746,16,Male,Silver Oak High School,60,56,89,55,73,333,66.60000000000001,0.666
S0479,Student_479,15,Male,Starlight Academy,91,100,94,57,54,396,79.2,0.792
S0074,Student_74,16,Male,Oakwood International,58,54,87,58,82,339,67.80000000000001,0.6780000000000002
S0911,Student_911,15,Male,Crescent Public School,69,64,56,94,89,372,74.4,0.7440000000000001
S0814,Student_814,16,Male,Starlight Academy,57,92,94,51,55,349,69.8,0.698
S0239,Student_239,16,Male,Global Scholars Academy,76,53,53,52,95,329,65.8,0.6579999999999999
S0146,Student_146,15,Female,Sunrise High School,53,80,99,99,58,389,77.8,0.778
S0793,Student_793,16,Male,Green Valley School,78,89,64,94,79,404,80.80000000000001,0.8080000000000002
S0235,Student_235,15,Female,Heritage High School,72,60,92,80,54,358,71.6,0.716
S0221,Student_221,15,Female,Starlight Academy,59,87,99,89,94,428,85.6,0.856
S0924,Student_924,15,Male,Blue Ridge Academy,62,75,78,91,84,390,78.0,0.78
S0501,Student_501,16,Female,Global Scholars Academy,77,68,62,74,97,378,75.6,0.7559999999999999
S0133,Student_133,16,Male,Sunrise High School,59,73,67,52,85,336,67.2,0.672
S0991,Student_991,16,Female,Oakwood International,52,84,86,57,77,356,71.2,0.7120000000000001
S0775,Student_775,16,Male,Blue Ridge Academy,78,98,74,59,62,371,74.2,0.742
S0186,Student_186,16,Male,Sunrise High School,66,56,88,98,51,359,71.8,0.718
S0042,Student_42,16,Female,Sunrise High School,69,87,65,76,66,363,72.6,0.726
S0697,Student_697,15,Female,Silver Oak High School,69,99,63,83,50,364,72.8,0.728
S0109,Student_109,16,Male,Blue Ridge Academy,90,58,84,90,56,378,75.6,0.7559999999999999
S0589,Student_589,15,Female,Global Scholars Academy,88,74,62,90,58,372,74.4,0.7440000000000001
S0057,Student_57,16,Female,Silver Oak High School,66,55,93,79,68,361,72.2,0.722
S0406,Student_406,16,Male,Green Valley School,56,77,62,54,84,333,66.60000000000001,0.666
S0443,Student_443,15,Male,Crescent Public School,90,89,83,56,91,409,81.8,0.818
S0758,Student_758,15,Female,Sunrise High School,50,75,71,72,74,342,68.4,0.684
S0998,Student_998,15,Female,Starlight Academy,58,68,75,97,99,397,79.4,0.794
S0025,Student_25,16,Male,Starlight Academy,79,68,85,84,60,376,75.2,0.752
S0468,Student_468,16,Female,Bright Future School,100,79,73,83,79,414,82.8,0.828
S0540,Student_540,16,Female,Bright Future School,75,69,65,75,86,370,74.0,0.74
S0532,Student_532,16,Female,Heritage High School,98,71,56,78,77,380,76.0,0.76
S0619,Student_619,15,Male,Bright Future School,74,89,75,75,69,382,76.4,0.764
S0695,Student_695,15,Female,Crescent Public School,98,88,74,62,92,414,82.8,0.828
S0927,Student_927,15,Male,Green Valley School,97,99,84,93,57,430,86.0,0.86
S0339,Student_339,16,Male,Heritage High School,88,100,84,66,67,405,81.0,0.81
S0052,Student_52,16,Female,Global Scholars Academy,54,93,60,55,69,331,66.2,0.662
S0508,Student_508,15,Male,Sunrise High School,71,88,61,58,76,354,70.8,0.708
S0517,Student_517,15,Male,Crescent Public School,99,90,55,82,71,397,79.4,0.794
S0921,Student_921,15,Male,Sunrise High School,67,76,83,98,63,387,77.4,0.774
S0782,Student_782,16,Female,Crescent Public School,87,79,83,67,92,408,81.6,0.816
S0265,Student_265,16,Female,Heritage High School,87,63,69,85,98,402,80.4,0.804
S0818,Student_818,15,Female,Global Scholars Academy,57,68,60,71,83,339,67.80000000000001,0.6780000000000002
S0711,Student_711,15,Male,Silver Oak High School,90,67,91,95,94,437,87.4,0.8740000000000001
S0683,Student_683,16,Male,Heritage High School,85,89,82,66,61,383,76.6,0.7659999999999999
S0833,Student_833,15,Male,Green Valley School,84,72,71,95,93,415,83.0,0.83
S0519,Student_519,16,Male,Bright Future School,93,96,76,77,93,435,87.0,0.87
S0448,Student_448,16,Female,Sunrise High School,77,73,59,71,64,344,68.8,0.688
S0019,Student_19,15,Male,Green Valley School,59,72,87,52,68,338,67.60000000000001,0.676
S0716,Student_716,16,Female,Sunrise High School,58,60,79,62,72,331,66.2,0.662
S0484,Student_484,15,Female,Starlight Academy,52,55,86,81,67,341,68.2,0.682
S0569,Student_569,16,Male,Global Scholars Academy,75,92,76,75,69,387,77.4,0.774
S0434,Student_434,16,Female,Sunrise High School,99,87,63,97,90,436,87.2,0.872
S0368,Student_368,15,Female,Oakwood International,97,50,85,76,51,359,71.8,0.718
S0084,Student_84,16,Female,Bright Future School,63,87,99,65,59,373,74.6,0.746
S0062,Student_62,16,Female,Blue Ridge Academy,83,68,89,94,80,414,82.8,0.828
S0639,Student_639,16,Male,Blue Ridge Academy,86,56,77,71,83,373,74.6,0.746
S0273,Student_273,16,Female,Blue Ridge Academy,100,69,72,81,83,405,81.0,0.81
S0286,Student_286,15,Male,Oakwood International,94,56,78,69,74,371,74.2,0.742
S0361,Student_361,16,Male,Crescent Public School,76,51,86,86,73,372,74.4,0.7440000000000001
S0355,Student_355,16,Male,Crescent Public School,81,56,74,84,89,384,76.8,0.768
S0457,Student_457,16,Female,Global Scholars Academy,81,70,57,65,78,351,70.19999999999999,0.7019999999999998
S0279,Student_279,15,Male,Silver Oak High School,100,93,61,54,76,384,76.8,0.768
S0013,Student_13,15,Female,Green Valley School,58,64,79,64,57,322,64.4,0.644
S0183,Student_183,15,Female,Oakwood International,73,99,73,56,56,357,71.39999999999999,0.714
S0369,Student_369,15,Male,Oakwood International,51,51,64,63,92,321,64.2,0.642
S0882,Student_882,15,Male,Green Valley School,71,51,100,95,95,412,82.39999999999999,0.824
S0616,Student_616,15,Male,Crescent Public School,80,92,98,65,53,388,77.60000000000001,0.7760000000000001
S0224,Student_224,16,Male,Bright Future School,89,88,53,54,88,372,74.4,0.7440000000000001
S0573,Student_573,15,Male,Blue Ridge Academy,85,52,52,88,98,375,75.0,0.75
S0971,Student_971,15,Female,Blue Ridge Academy,66,100,96,93,54,409,81.8,0.818
S0654,Student_654,15,Female,Oakwood International,59,63,72,54,86,334,66.8,0.6679999999999999
S0546,Student_546,15,Female,Global Scholars Academy,64,87,93,66,53,363,72.6,0.726
S0583,Student_583,16,Female,Global Scholars Academy,86,69,61,82,90,388,77.60000000000001,0.7760000000000001
S0634,Student_634,15,Male,Global Scholars Academy,96,77,72,82,73,400,80.0,0.8
S0177,Student_177,16,Male,Oakwood International,89,77,66,59,62,353,70.6,0.706
S0666,Student_666,16,Female,Global Scholars Academy,69,93,50,76,60,348,69.6,0.696
S0674,Student_674,15,Male,Heritage High School,75,50,100,53,91,369,73.8,0.738
S0586,Student_586,16,Male,Silver Oak High School,87,85,58,56,99,385,77.0,0.77
S0874,Student_874,15,Male,Oakwood International,75,85,54,67,82,363,72.6,0.726
S0394,Student_394,15,Male,Silver Oak High School,56,98,82,71,76,383,76.6,0.7659999999999999
S0164,Student_164,16,Male,Sunrise High School,64,83,55,74,57,333,66.60000000000001,0.666
S0249,Student_249,16,Male,Sunrise High School,87,59,67,67,67,347,69.39999999999999,0.694
S0635,Student_635,15,Female,Heritage High School,88,83,80,53,97,401,80.2,0.802
S0886,Student_886,16,Male,Oakwood International,77,67,97,71,77,389,77.8,0.778
S0670,Student_670,16,Male,Heritage High School,53,55,61,88,85,342,68.4,0.684
S0376,Student_376,15,Male,Global Scholars Academy,98,65,60,63,83,369,73.8,0.738
S0413,Student_413,15,Female,Blue Ridge Academy,71,90,95,66,57,379,75.8,0.758
S0075,Student_75,16,Male,Green Valley School,61,82,50,54,55,302,60.4,0.604
S0114,Student_114,15,Female,Crescent Public School,90,88,77,91,57,403,80.60000000000001,0.806
S0599,Student_599,16,Female,Oakwood International,88,85,61,55,95,384,76.8,0.768
S0962,Student_962,15,Male,Sunrise High School,56,76,72,61,63,328,65.60000000000001,0.6560000000000001
S0391,Student_391,15,Female,Oakwood International,74,100,94,81,70,419,83.8,0.838
S0105,Student_105,15,Female,Crescent Public School,92,81,88,63,100,424,84.8,0.848
S0115,Student_115,15,Female,Sunrise High School,94,66,66,72,67,365,73.0,0.73
S0418,Student_418,15,Male,Silver Oak High School,98,91,90,50,94,423,84.6,0.846
S0526,Student_526,16,Male,Oakwood International,62,72,71,78,64,347,69.39999999999999,0.694
S0458,Student_458,15,Female,Green Valley School,66,98,86,71,55,376,75.2,0.752
S0410,Student_410,15,Male,Heritage High School,55,62,54,53,68,292,58.4,0.584
S0093,Student_93,15,Male,Silver Oak High School,69,92,51,56,56,324,64.8,0.648
S0931,Student_931,15,Male,Sunrise High School,70,74,77,87,100,408,81.6,0.816
S0090,Student_90,15,Male,Crescent Public School,75,96,58,84,86,399,79.80000000000001,0.7980000000000002
S0337,Student_337,16,Male,Blue Ridge Academy,88,66,56,65,73,348,69.6,0.696
S0989,Student_989,15,Male,Starlight Academy,81,51,65,76,92,365,73.0,0.73
S0922,Student_922,15,Male,Bright Future School,56,86,91,82,86,401,80.2,0.802
S0934,Student_934,15,Male,Green Valley School,53,56,77,71,63,320,64.0,0.64
S0606,Student_606,15,Male,Blue Ridge Academy,89,73,82,63,83,390,78.0,0.78
S0594,Student_594,15,Male,Bright Future School,75,91,53,62,72,353,70.6,0.706
S0612,Student_612,15,Female,Silver Oak High School,68,66,69,100,98,401,80.2,0.802
S0095,Student_95,16,Female,Silver Oak High School,93,55,68,74,52,342,68.4,0.684
S0012,Student_12,16,Female,Blue Ridge Academy,98,97,61,99,76,431,86.2,0.862
S0397,Student_397,16,Male,Silver Oak High School,76,58,90,77,67,368,73.6,0.736
S0534,Student_534,15,Female,Green Valley School,91,65,83,96,93,428,85.6,0.856
S0044,Student_44,16,Female,Global Scholars Academy,84,57,69,56,68,334,66.8,0.6679999999999999
S0043,Student_43,16,Male,Bright Future School,51,90,77,71,70,359,71.8,0.718
S0330,Student_330,15,Female,Global Scholars Academy,74,53,84,58,94,363,72.6,0.726
S0168,Student_168,16,Male,Crescent Public School,93,52,97,67,81,390,78.0,0.78
S0498,Student_498,16,Female,Green Valley School,57,87,88,71,85,388,77.60000000000001,0.7760000000000001
S0877,Student_877,16,Male,Crescent Public School,71,94,77,88,53,383,76.6,0.7659999999999999
S0598,Student_598,15,Female,Bright Future School,54,92,88,64,87,385,77.0,0.77
S0757,Student_757,15,Female,Sunrise High School,76,84,92,66,97,415,83.0,0.83
S0101,Student_101,15,Male,Sunrise High School,62,100,93,96,56,407,81.39999999999999,0.814
S0427,Student_427,15,Female,Starlight Academy,78,72,96,74,51,371,74.2,0.742
S0179,Student_179,15,Female,Global Scholars Academy,96,63,68,98,90,415,83.0,0.83
S0445,Student_445,16,Male,Heritage High School,89,71,76,79,98,413,82.6,0.826
S0417,Student_417,16,Male,Oakwood International,99,92,50,56,83,380,76.0,0.76
S0871,Student_871,15,Female,Green Valley School,65,65,59,79,55,323,64.60000000000001,0.6460000000000001
S0883,Student_883,15,Female,Oakwood International,55,70,51,67,71,314,62.8,0.628
S0681,Student_681,16,Male,Heritage High School,99,99,81,74,89,442,88.4,0.884
S0178,Student_178,15,Female,Bright Future School,86,52,76,78,50,342,68.4,0.684
S0396,Student_396,16,Male,Blue Ridge Academy,90,74,74,94,73,405,81.0,0.81
S0912,Student_912,15,Male,Sunrise High School,87,52,86,91,91,407,81.39999999999999,0.814
S0794,Student_794,16,Female,Silver Oak High School,82,72,66,53,74,347,69.39999999999999,0.694
S0961,Student_961,15,Female,Blue Ridge Academy,63,87,87,55,68,360,72.0,0.72
S0685,Student_685,16,Male,Bright Future School,57,61,59,67,82,326,65.2,0.652
S0384,Student_384,16,Male,Green Valley School,79,91,84,52,53,359,71.8,0.718
S0957,Student_957,16,Female,Bright Future School,87,86,77,80,98,428,85.6,0.856
S0752,Student_752,16,Female,Silver Oak High School,66,63,98,54,96,377,75.4,0.754
S0258,Student_258,15,Male,Silver Oak High School,59,89,80,88,87,403,80.60000000000001,0.806
S0539,Student_539,16,Female,Bright Future School,55,58,51,86,79,329,65.8,0.6579999999999999
S0336,Student_336,16,Female,Blue Ridge Academy,85,64,66,63,61,339,67.80000000000001,0.6780000000000002
S0016,Student_16,16,Female,Sunrise High School,76,91,66,89,78,400,80.0,0.8
S0325,Student_325,15,Female,Bright Future School,58,57,63,95,53,326,65.2,0.652
S0759,Student_759,16,Male,Green Valley School,68,60,93,83,87,391,78.2,0.782
S0223,Student_223,15,Female,Bright Future School,56,78,99,93,85,411,82.19999999999999,0.8219999999999998
S0180,Student_180,15,Female,Silver Oak High School,63,66,74,70,75,348,69.6,0.696
S0984,Student_984,15,Male,Bright Future School,51,99,57,55,75,337,67.4,0.674
S0023,Student_23,16,Male,Oakwood International,61,77,63,87,60,348,69.6,0.696
S0357,Student_357,15,Female,Green Valley School,57,52,59,80,53,301,60.2,0.602
S0667,Student_667,16,Male,Bright Future School,63,67,83,61,100,374,74.8,0.748
S0862,Student_862,16,Male,Heritage High School,73,79,83,54,83,372,74.4,0.7440000000000001
S0341,Student_341,15,Male,Blue Ridge Academy,80,64,68,73,89,374,74.8,0.748
S0432,Student_432,16,Male,Blue Ridge Academy,78,60,65,95,85,383,76.6,0.7659999999999999
S0552,Student_552,15,Male,Silver Oak High School,79,60,88,64,77,368,73.6,0.736
S0834,Student_834,16,Male,Silver Oak High School,75,56,88,76,53,348,69.6,0.696
S0204,Student_204,15,Male,Blue Ridge Academy,81,96,61,88,100,426,85.2,0.852
S0631,Student_631,15,Male,Blue Ridge Academy,59,88,72,71,93,383,76.6,0.7659999999999999
S0094,Student_94,16,Female,Starlight Academy,85,65,61,68,62,341,68.2,0.682
S0559,Student_559,15,Female,Blue Ridge Academy,77,63,93,52,68,353,70.6,0.706
S0069,Student_69,16,Male,Green Valley School,85,50,92,80,63,370,74.0,0.74
S0623,Student_623,16,Female,Crescent Public School,83,58,87,95,77,400,80.0,0.8
S0285,Student_285,15,Female,Starlight Academy,68,76,98,84,73,399,79.80000000000001,0.7980000000000002
S0845,Student_845,15,Female,Global Scholars Academy,57,69,79,86,50,341,68.2,0.682
S0435,Student_435,15,Male,Heritage High School,99,52,50,63,90,354,70.8,0.708
S0154,Student_154,16,Female,Oakwood International,99,94,99,81,77,450,90.0,0.9
S0076,Student_76,15,Male,Green Valley School,75,51,84,90,60,360,72.0,0.72
S0731,Student_731,15,Female,Global Scholars Academy,70,78,81,77,72,378,75.6,0.7559999999999999
S0447,Student_447,16,Female,Heritage High School,71,92,72,73,51,359,71.8,0.718
S0189,Student_189,16,Female,Crescent Public School,61,68,58,61,75,323,64.60000000000001,0.6460000000000001
S0272,Student_272,15,Female,Sunrise High School,56,86,100,73,59,374,74.8,0.748
S0237,Student_237,15,Male,Sunrise High School,94,100,79,92,63,428,85.6,0.856
S0488,Student_488,15,Male,Starlight Academy,71,76,87,67,75,376,75.2,0.752
S0118,Student_118,16,Female,Heritage High School,58,80,70,52,56,316,63.2,0.632
S0944,Student_944,15,Male,Global Scholars Academy,61,53,95,67,86,362,72.39999999999999,0.7239999999999999
S0513,Student_513,15,Female,Crescent Public School,79,100,91,98,63,431,86.2,0.862
S0826,Student_826,16,Male,Heritage High School,65,73,88,55,54,335,67.0,0.67
S0592,Student_592,15,Female,Oakwood International,99,58,50,61,78,346,69.19999999999999,0.6919999999999998
S0127,Student_127,16,Female,Oakwood International,61,70,65,91,62,349,69.8,0.698
S0117,Student_117,15,Female,Blue Ridge Academy,53,94,60,75,87,369,73.8,0.738
S0474,Student_474,16,Female,Bright Future School,65,91,85,91,93,425,85.0,0.85
S0694,Student_694,15,Male,Silver Oak High School,86,93,63,89,80,411,82.19999999999999,0.8219999999999998
S0058,Student_58,16,Male,Heritage High School,99,57,67,56,59,338,67.60000000000001,0.676
S0864,Student_864,16,Male,Heritage High School,57,69,58,70,87,341,68.2,0.682
S0913,Student_913,16,Female,Blue Ridge Academy,96,67,57,77,73,370,74.0,0.74
S0370,Student_370,15,Male,Crescent Public School,92,85,78,99,67,421,84.2,0.8420000000000001
S0269,Student_269,16,Female,Bright Future School,63,89,62,79,50,343,68.60000000000001,0.686
S0047,Student_47,16,Male,Blue Ridge Academy,68,99,66,89,87,409,81.8,0.818
S0350,Student_350,15,Female,Blue Ridge Academy,57,66,98,98,79,398,79.60000000000001,0.796
S0196,Student_196,16,Male,Bright Future School,76,92,85,60,64,377,75.4,0.754
S1000,Student_1000,16,Female,Crescent Public School,61,72,98,60,78,369,73.8,0.738
S0835,Student_835,15,Male,Crescent Public School,62,62,88,97,53,362,72.39999999999999,0.7239999999999999
S0737,Student_737,16,Male,Heritage High School,58,76,93,72,74,373,74.6,0.746
S0264,Student_264,15,Female,Oakwood International,97,79,76,67,82,401,80.2,0.802
S0444,Student_444,15,Male,Silver Oak High School,96,75,54,90,91,406,81.2,0.812
S0676,Student_676,16,Female,Heritage High School,68,99,57,90,59,373,74.6,0.746
S0305,Student_305,16,Male,Blue Ridge Academy,89,62,63,62,83,359,71.8,0.718
S0342,Student_342,15,Male,Silver Oak High School,64,50,59,93,65,331,66.2,0.662
S0967,Student_967,16,Female,Silver Oak High School,71,95,87,65,64,382,76.4,0.764
S0150,Student_150,15,Male,Blue Ridge Academy,64,90,88,88,67,397,79.4,0.794
S0125,Student_125,15,Female,Global Scholars Academy,59,66,82,72,56,335,67.0,0.67
S0787,Student_787,15,Female,Crescent Public School,96,83,60,88,52,379,75.8,0.758
S0051,Student_51,15,Female,Heritage High School,71,99,90,81,100,441,88.2,0.882
S0354,Student_354,15,Female,Heritage High School,64,94,54,74,70,356,71.2,0.7120000000000001
S0928,Student_928,15,Female,Bright Future School,95,77,60,51,52,335,67.0,0.67
S0143,Student_143,16,Female,Sunrise High School,70,66,92,86,67,381,76.2,0.762
S0471,Student_471,16,Female,Green Valley School,99,60,88,59,63,369,73.8,0.738
S0400,Student_400,16,Female,Starlight Academy,93,65,76,70,66,370,74.0,0.74
S0626,Student_626,16,Male,Starlight Academy,92,78,71,86,99,426,85.2,0.852
S0321,Student_321,15,Male,Starlight Academy,88,67,82,67,93,397,79.4,0.794
S0020,Student_20,16,Male,Blue Ridge Academy,87,97,75,71,56,386,77.2,0.772
S0810,Student_810,15,Male,Global Scholars Academy,91,55,65,73,99,383,76.6,0.7659999999999999
S0791,Student_791,16,Female,Oakwood International,73,79,96,95,54,397,79.4,0.794
S0809,Student_809,15,Male,Bright Future School,55,85,56,69,62,327,65.4,0.654
S0408,Student_408,15,Male,Green Valley School,75,90,95,53,53,366,73.2,0.732
S0538,Student_538,15,Female,Green Valley School,59,82,97,61,89,388,77.60000000000001,0.7760000000000001
S0621,Student_621,16,Male,Sunrise High School,62,94,54,81,67,358,71.6,0.716
S0039,Student_39,15,Female,Crescent Public School,83,86,60,61,90,380,76.0,0.76
S0176,Student_176,15,Male,Oakwood International,56,55,72,90,74,347,69.39999999999999,0.694
S0246,Student_246,15,Female,Silver Oak High School,84,59,76,86,61,366,73.2,0.732
S0829,Student_829,16,Male,Heritage High School,100,68,69,55,98,390,78.0,0.78
S0668,Student_668,16,Male,Global Scholars Academy,95,85,73,84,92,429,85.8,0.858
S0755,Student_755,16,Female,Oakwood International,91,54,83,57,95,380,76.0,0.76
S0859,Student_859,16,Female,Green Valley School,56,81,69,80,56,342,68.4,0.684
S0155,Student_155,15,Male,Crescent Public School,100,61,83,87,74,405,81.0,0.81
S0288,Student_288,16,Male,Bright Future School,56,86,61,58,50,311,62.2,0.622
S0603,Student_603,16,Male,Blue Ridge Academy,90,86,72,90,86,424,84.8,0.848
S0570,Student_570,16,Female,Silver Oak High School,91,86,81,58,87,403,80.60000000000001,0.806
S0744,Student_744,16,Male,Sunrise High School,81,80,98,65,78,402,80.4,0.804
S0018,Student_18,15,Male,Blue Ridge Academy,90,75,85,50,90,390,78.0,0.78
S0128,Student_128,16,Female,Starlight Academy,85,64,78,68,78,373,74.6,0.746
S0323,Student_323,15,Male,Starlight Academy,91,53,68,94,54,360,72.0,0.72
S0256,Student_256,15,Male,Global Scholars Academy,65,60,50,73,78,326,65.2,0.652
S0658,Student_658,16,Female,Crescent Public School,54,97,52,58,78,339,67.80000000000001,0.6780000000000002
S0965,Student_965,15,Female,Bright Future School,73,88,69,60,79,369,73.8,0.738
S0191,Student_191,15,Male,Global Scholars Academy,68,54,72,91,60,345,69.0,0.69
S0116,Student_116,16,Male,Starlight Academy,85,62,50,75,53,325,65.0,0.65
S0617,Student_617,16,Female,Silver Oak High School,69,55,95,88,70,377,75.4,0.754
S0607,Student_607,16,Female,Green Valley School,81,50,57,87,52,327,65.4,0.654
S0181,Student_181,15,Female,Blue Ridge Academy,71,86,98,69,91,415,83.0,0.83
S0302,Student_302,16,Female,Global Scholars Academy,63,56,63,77,58,317,63.4,0.634
S0760,Student_760,15,Female,Global Scholars Academy,61,70,63,75,57,326,65.2,0.652
S0713,Student_713,15,Male,Silver Oak High School,99,60,99,61,65,384,76.8,0.768
S0724,Student_724,15,Female,Crescent Public School,94,78,81,71,66,390,78.0,0.78
S0686,Student_686,15,Male,Green Valley School,99,88,98,51,91,427,85.39999999999999,0.8539999999999999
S0980,Student_980,15,Male,Heritage High School,80,64,83,77,58,362,72.39999999999999,0.7239999999999999
S0518,Student_518,16,Female,Green Valley School,66,50,92,96,55,359,71.8,0.718
S0985,Student_985,16,Female,Heritage High School,52,83,77,56,77,345,69.0,0.69
S0046,Student_46,16,Female,Blue Ridge Academy,80,64,68,83,64,359,71.8,0.718
S0910,Student_910,16,Male,Silver Oak High School,65,62,57,79,94,357,71.39999999999999,0.714
S0158,Student_158,15,Female,Global Scholars Academy,93,71,99,92,96,451,90.2,0.902
S0852,Student_852,16,Female,Silver Oak High School,69,68,78,95,52,362,72.39999999999999,0.7239999999999999
S0172,Student_172,16,Male,Blue Ridge Academy,63,84,81,88,79,395,79.0,0.79
S0017,Student_17,16,Female,Silver Oak High School,66,86,94,91,61,398,79.60000000000001,0.796
S0512,Student_512,15,Female,Green Valley School,64,57,90,81,85,377,75.4,0.754
S0049,Student_49,16,Male,Blue Ridge Academy,55,69,55,86,100,365,73.0,0.73
S0972,Student_972,15,Female,Heritage High School,72,64,79,57,77,349,69.8,0.698
S0941,Student_941,16,Female,Starlight Academy,100,86,90,72,90,438,87.6,0.8759999999999999
S0516,Student_516,15,Female,Oakwood International,75,89,89,70,88,411,82.19999999999999,0.8219999999999998
S0953,Student_953,16,Male,Crescent Public School,52,52,73,94,93,364,72.8,0.728
S0481,Student_481,16,Male,Oakwood International,55,55,80,61,53,304,60.8,0.608
S0284,Student_284,16,Female,Crescent Public School,54,54,78,83,71,340,68.0,0.68
S0719,Student_719,15,Male,Starlight Academy,70,96,100,51,80,397,79.4,0.794
S0878,Student_878,16,Male,Green Valley School,67,59,68,80,81,355,71.0,0.71
S0226,Student_226,16,Female,Starlight Academy,61,50,81,73,66,331,66.2,0.662
S0027,Student_27,16,Male,Crescent Public School,100,59,65,98,97,419,83.8,0.838
S0955,Student_955,15,Female,Crescent Public School,84,69,54,87,98,392,78.4,0.784
S0438,Student_438,15,Female,Silver Oak High School,93,97,97,50,81,418,83.6,0.836
S0952,Student_952,16,Male,Crescent Public School,59,72,76,75,52,334,66.8,0.6679999999999999
S0365,Student_365,15,Male,Oakwood International,91,79,59,100,91,420,84.0,0.84
S0230,Student_230,16,Male,Heritage High School,74,82,98,80,67,401,80.2,0.802
S0038,Student_38,16,Male,Crescent Public School,59,73,82,62,95,371,74.2,0.742
S0966,Student_966,16,Male,Crescent Public School,64,65,94,58,86,367,73.4,0.7340000000000001
S0375,Student_375,16,Male,Bright Future School,72,98,99,50,80,399,79.80000000000001,0.7980000000000002
S0470,Student_470,15,Male,Global Scholars Academy,81,69,58,70,98,376,75.2,0.752
S0968,Student_968,15,Male,Crescent Public School,77,67,87,64,55,350,70.0,0.7
S0851,Student_851,16,Female,Global Scholars Academy,83,88,64,65,55,355,71.0,0.71
S0705,Student_705,16,Male,Silver Oak High School,84,60,85,54,91,374,74.8,0.748
S0842,Student_842,15,Female,Sunrise High School,95,96,56,67,52,366,73.2,0.732
S0195,Student_195,15,Male,Crescent Public School,99,93,100,58,93,443,88.6,0.8859999999999999
S0855,Student_855,16,Male,Blue Ridge Academy,69,58,63,93,66,349,69.8,0.698
S0865,Student_865,15,Female,Sunrise High School,99,56,77,93,97,422,84.39999999999999,0.8439999999999999
S0504,Student_504,16,Male,Silver Oak High School,90,79,59,54,81,363,72.6,0.726
S0970,Student_970,16,Female,Global Scholars Academy,58,81,71,72,88,370,74.0,0.74
S0831,Student_831,15,Female,Green Valley School,89,59,84,75,83,390,78.0,0.78
S0580,Student_580,15,Male,Heritage High School,82,93,62,96,82,415,83.0,0.83
S0969,Student_969,16,Male,Bright Future School,69,57,90,80,56,352,70.39999999999999,0.704
S0163,Student_163,15,Female,Heritage High School,55,66,83,84,81,369,73.8,0.738
S0909,Student_909,15,Male,Green Valley School,99,57,97,56,59,368,73.6,0.736
S0153,Student_153,16,Male,Silver Oak High School,78,94,75,66,94,407,81.39999999999999,0.814
S0802,Student_802,16,Male,Sunrise High School,73,68,74,87,58,360,72.0,0.72
S0994,Student_994,15,Male,Blue Ridge Academy,58,54,77,57,94,340,68.0,0.68
S0756,Student_756,16,Female,Crescent Public School,80,58,84,73,79,374,74.8,0.748
S0112,Student_112,15,Male,Heritage High School,57,87,71,93,72,380,76.0,0.76
S0227,Student_227,15,Female,Green Valley School,57,84,83,85,63,372,74.4,0.7440000000000001
S0689,Student_689,15,Male,Global Scholars Academy,92,56,64,92,55,359,71.8,0.718
S0104,Student_104,16,Female,Silver Oak High School,84,55,52,52,52,295,59.0,0.59
S0422,Student_422,15,Male,Silver Oak High School,99,57,93,87,88,424,84.8,0.848
S0420,Student_420,16,Female,Crescent Public School,55,97,86,86,82,406,81.2,0.812
S0751,Student_751,16,Female,Bright Future School,84,100,78,63,62,387,77.4,0.774
S0587,Student_587,16,Male,Crescent Public School,86,69,51,70,88,364,72.8,0.728
S0781,Student_781,15,Female,Green Valley School,79,81,66,74,78,378,75.6,0.7559999999999999
S0673,Student_673,16,Female,Bright Future School,97,64,56,82,70,369,73.8,0.738
S0120,Student_120,15,Female,Blue Ridge Academy,97,69,83,64,70,383,76.6,0.7659999999999999
S0054,Student_54,15,Female,Bright Future School,94,66,75,50,86,371,74.2,0.742
S0152,Student_152,15,Male,Oakwood International,72,68,95,68,85,388,77.60000000000001,0.7760000000000001
S0404,Student_404,16,Male,Silver Oak High School,65,92,74,100,59,390,78.0,0.78
S0946,Student_946,15,Female,Silver Oak High School,75,99,93,65,52,384,76.8,0.768
S0208,Student_208,16,Female,Heritage High School,65,51,91,93,83,383,76.6,0.7659999999999999
S0659,Student_659,16,Male,Silver Oak High School,97,92,57,94,62,402,80.4,0.804
S0844,Student_844,15,Female,Green Valley School,51,69,78,93,50,341,68.2,0.682
S0763,Student_763,16,Female,Blue Ridge Academy,62,97,54,83,84,380,76.0,0.76
S0009,Student_9,15,Female,Sunrise High School,91,65,89,98,61,404,80.80000000000001,0.8080000000000002
S0808,Student_808,15,Male,Crescent Public School,84,97,59,57,82,379,75.8,0.758
S0037,Student_37,16,Female,Sunrise High School,79,82,91,100,50,402,80.4,0.804
S0453,Student_453,16,Female,Crescent Public School,67,96,78,60,79,380,76.0,0.76
S0652,Student_652,15,Female,Global Scholars Academy,97,95,69,52,77,390,78.0,0.78
S0254,Student_254,16,Male,Starlight Academy,66,76,55,50,52,299,59.8,0.598
S0304,Student_304,16,Female,Global Scholars Academy,79,83,83,86,70,401,80.2,0.802
S0747,Student_747,16,Male,Bright Future School,80,89,80,53,57,359,71.8,0.718
S0572,Student_572,16,Male,Starlight Academy,60,67,98,58,100,383,76.6,0.7659999999999999
S0624,Student_624,16,Female,Crescent Public School,63,94,55,65,84,361,72.2,0.722
S0733,Student_733,16,Female,Blue Ridge Academy,51,98,56,81,94,380,76.0,0.76
S0892,Student_892,15,Male,Global Scholars Academy,71,51,93,54,86,355,71.0,0.71
S0263,Student_263,15,Male,Crescent Public School,76,90,57,53,66,342,68.4,0.684
S0611,Student_611,16,Female,Global Scholars Academy,64,80,84,59,83,370,74.0,0.74
S0298,Student_298,16,Female,Crescent Public School,70,71,70,61,99,371,74.2,0.742
S0415,Student_415,15,Female,Heritage High School,95,59,89,80,52,375,75.0,0.75
S0151,Student_151,15,Female,Green Valley School,58,84,74,99,91,406,81.2,0.812
S0789,Student_789,15,Female,Global Scholars Academy,84,67,97,57,80,385,77.0,0.77
S0641,Student_641,16,Female,Green Valley School,91,79,78,68,65,381,76.2,0.762
S0890,Student_890,15,Male,Sunrise High School,93,92,57,60,54,356,71.2,0.7120000000000001
S0551,Student_551,15,Male,Sunrise High School,64,74,54,92,83,367,73.4,0.7340000000000001
S0887,Student_887,16,Male,Starlight Academy,57,88,92,87,78,402,80.4,0.804
S0489,Student_489,15,Male,Silver Oak High School,71,56,70,79,88,364,72.8,0.728
S0148,Student_148,15,Male,Blue Ridge Academy,57,57,87,94,73,368,73.6,0.736
S0147,Student_147,15,Female,Starlight Academy,76,91,60,93,57,377,75.4,0.754
S0721,Student_721,15,Female,Oakwood International,82,88,55,70,52,347,69.39999999999999,0.694
S0932,Student_932,16,Male,Sunrise High School,77,84,54,59,62,336,67.2,0.672
S0740,Student_740,16,Female,Sunrise High School,69,50,71,78,67,335,67.0,0.67
S0660,Student_660,16,Female,Green Valley School,60,57,58,84,53,312,62.4,0.624
S0349,Student_349,16,Male,Silver Oak High School,56,97,50,69,79,351,70.19999999999999,0.7019999999999998
S0464,Student_464,16,Male,Starlight Academy,53,75,85,86,99,398,79.60000000000001,0.796
S0326,Student_326,16,Male,Blue Ridge Academy,80,87,88,57,79,391,78.2,0.782
S0187,Student_187,15,Male,Green Valley School,71,91,96,89,79,426,85.2,0.852
S0124,Student_124,16,Female,Heritage High School,67,56,61,77,65,326,65.2,0.652
S0854,Student_854,16,Male,Blue Ridge Academy,80,88,63,78,94,403,80.60000000000001,0.806
S0609,Student_609,15,Male,Oakwood International,55,70,73,57,93,348,69.6,0.696
S0144,Student_144,16,Male,Starlight Academy,50,52,61,63,82,308,61.6,0.616
S0959,Student_959,16,Male,Green Valley School,75,55,92,99,54,375,75.0,0.75
S0198,Student_198,16,Female,Oakwood International,60,89,86,82,58,375,75.0,0.75
S0610,Student_610,15,Female,Crescent Public School,60,90,66,71,98,385,77.0,0.77
S0280,Student_280,15,Female,Starlight Academy,53,98,93,99,56,399,79.80000000000001,0.7980000000000002
S0294,Student_294,15,Male,Sunrise High School,85,77,67,62,76,367,73.4,0.7340000000000001
S0401,Student_401,16,Male,Crescent Public School,53,94,64,73,85,369,73.8,0.738
S0123,Student_123,15,Male,Global Scholars Academy,97,69,54,95,65,380,76.0,0.76
S0184,Student_184,15,Female,Global Scholars Academy,94,53,60,77,100,384,76.8,0.768
S0203,Student_203,15,Female,Crescent Public School,72,56,96,77,75,376,75.2,0.752
S0439,Student_439,15,Female,Bright Future School,77,64,100,58,71,370,74.0,0.74
S0247,Student_247,16,Male,Oakwood International,72,55,67,87,90,371,74.2,0.742
S0416,Student_416,15,Male,Sunrise High School,59,60,92,62,76,349,69.8,0.698
S0933,Student_933,15,Female,Starlight Academy,76,67,79,93,86,401,80.2,0.802
S0766,Student_766,15,Male,Oakwood International,68,89,60,93,56,366,73.2,0.732
S0907,Student_907,16,Male,Bright Future School,59,77,78,50,62,326,65.2,0.652
S0836,Student_836,15,Female,Global Scholars Academy,90,74,62,64,53,343,68.60000000000001,0.686
S0888,Student_888,16,Female,Heritage High School,56,61,100,57,85,359,71.8,0.718
S0130,Student_130,16,Female,Sunrise High School,97,54,85,87,80,403,80.60000000000001,0.806
S0638,Student_638,15,Male,Oakwood International,71,98,56,69,71,365,73.0,0.73
S0403,Student_403,15,Male,Oakwood International,51,92,98,88,85,414,82.8,0.828
S0785,Student_785,16,Male,Bright Future School,77,80,56,96,81,390,78.0,0.78
S0771,Student_771,15,Female,Silver Oak High School,75,64,87,74,67,367,73.4,0.7340000000000001
S0736,Student_736,16,Female,Green Valley School,57,73,63,67,88,348,69.6,0.696
S0914,Student_914,15,Male,Heritage High School,50,71,81,56,83,341,68.2,0.682
S0220,Student_220,16,Female,Global Scholars Academy,61,99,53,69,95,377,75.4,0.754
S0642,Student_642,16,Male,Blue Ridge Academy,90,96,99,74,60,419,83.8,0.838
S0916,Student_916,16,Male,Global Scholars Academy,51,82,74,67,55,329,65.8,0.6579999999999999
S0753,Student_753,15,Male,Crescent Public School,93,99,65,66,99,422,84.39999999999999,0.8439999999999999
S0807,Student_807,15,Female,Bright Future School,72,69,81,55,68,345,69.0,0.69
S0920,Student_920,16,Female,Blue Ridge Academy,91,63,72,76,74,376,75.2,0.752
S0625,Student_625,15,Male,Sunrise High School,91,96,72,76,86,421,84.2,0.8420000000000001
S0875,Student_875,16,Male,Starlight Academy,63,69,54,97,76,359,71.8,0.718
S0761,Student_761,16,Female,Silver Oak High School,75,76,53,60,55,319,63.8,0.638
S0387,Student_387,15,Female,Silver Oak High School,98,64,62,63,72,359,71.8,0.718
S0973,Student_973,15,Female,Oakwood International,78,85,52,87,87,389,77.8,0.778
S0510,Student_510,15,Male,Green Valley School,96,98,55,83,85,417,83.39999999999999,0.834
S0268,Student_268,15,Male,Silver Oak High School,72,99,76,92,71,410,82.0,0.82
S0820,Student_820,16,Male,Green Valley School,62,85,90,68,85,390,78.0,0.78
S0442,Student_442,15,Male,Global Scholars Academy,69,52,78,92,100,391,78.2,0.782
S0497,Student_497,16,Male,Green Valley School,83,72,91,84,74,404,80.80000000000001,0.8080000000000002
S0113,Student_113,15,Male,Global Scholars Academy,88,62,56,59,65,330,66.0,0.66
S0692,Student_692,15,Male,Silver Oak High School,52,91,82,71,84,380,76.0,0.76
S0233,Student_233,15,Male,Sunrise High School,82,57,72,76,61,348,69.6,0.696
S0870,Student_870,16,Female,Heritage High School,53,68,98,94,59,372,74.4,0.7440000000000001
S0608,Student_608,15,Male,Oakwood International,100,63,55,67,52,337,67.4,0.674
S0672,Student_672,16,Female,Silver Oak High School,53,86,60,53,65,317,63.4,0.634
S0374,Student_374,16,Male,Crescent Public School,81,52,95,90,60,378,75.6,0.7559999999999999
S0982,Student_982,16,Male,Crescent Public School,83,67,51,90,84,375,75.0,0.75
S0843,Student_843,15,Female,Bright Future School,75,73,98,96,52,394,78.8,0.7879999999999999
S0234,Student_234,15,Female,Global Scholars Academy,73,56,67,71,89,356,71.2,0.7120000000000001
S0786,Student_786,15,Female,Starlight Academy,57,88,89,89,70,393,78.60000000000001,0.786
S0677,Student_677,15,Male,Blue Ridge Academy,92,64,87,87,79,409,81.8,0.818
S0318,Student_318,15,Female,Crescent Public School,100,74,92,78,58,402,80.4,0.804
S0649,Student_649,16,Female,Green Valley School,58,64,57,53,88,320,64.0,0.64
S0411,Student_411,16,Female,Starlight Academy,60,74,72,59,97,362,72.39999999999999,0.7239999999999999
S0899,Student_899,16,Female,Bright Future School,52,81,93,80,84,390,78.0,0.78
S0710,Student_710,15,Female,Sunrise High School,59,85,81,78,75,378,75.6,0.7559999999999999
S0359,Student_359,15,Female,Crescent Public School,97,94,92,70,57,410,82.0,0.82
S0259,Student_259,16,Female,Silver Oak High School,53,83,59,81,63,339,67.80000000000001,0.6780000000000002
S0745,Student_745,15,Female,Sunrise High School,83,86,91,55,50,365,73.0,0.73
S0628,Student_628,15,Male,Heritage High School,54,90,72,89,56,361,72.2,0.722
S0633,Student_633,16,Male,Sunrise High School,86,81,54,55,54,330,66.0,0.66
S0283,Student_283,16,Male,Green Valley School,86,85,67,63,96,397,79.4,0.794
S0377,Student_377,16,Male,Sunrise High School,76,79,67,88,51,361,72.2,0.722
S0385,Student_385,16,Female,Global Scholars Academy,99,96,89,93,59,436,87.2,0.872
S0225,Student_225,15,Female,Oakwood International,50,78,91,79,95,393,78.60000000000001,0.786
S0954,Student_954,15,Male,Heritage High School,70,94,79,98,89,430,86.0,0.86
S0815,Student_815,16,Male,Global Scholars Academy,86,67,84,93,73,403,80.60000000000001,0.806
S0473,Student_473,16,Female,Global Scholars Academy,93,74,66,64,95,392,78.4,0.784
S0348,Student_348,15,Male,Green Valley School,96,99,58,96,70,419,83.8,0.838
S0506,Student_506,15,Female,Sunrise High School,69,77,65,93,65,369,73.8,0.738
S0640,Student_640,15,Male,Oakwood International,74,79,77,81,52,363,72.6,0.726
S0988,Student_988,15,Female,Oakwood International,51,84,61,90,84,370,74.0,0.74
S0929,Student_929,15,Female,Oakwood International,89,90,50,80,63,372,74.4,0.7440000000000001
S0906,Student_906,16,Male,Crescent Public School,68,86,98,78,85,415,83.0,0.83
S0620,Student_620,15,Female,Global Scholars Academy,51,69,93,50,78,341,68.2,0.682
S0856,Student_856,16,Female,Green Valley School,89,85,60,75,82,391,78.2,0.782
S0804,Student_804,16,Male,Oakwood International,58,72,75,79,54,338,67.60000000000001,0.676
S0646,Student_646,16,Male,Crescent Public School,72,66,77,52,94,361,72.2,0.722
S0847,Student_847,15,Male,Bright Future School,78,77,55,59,99,368,73.6,0.736
S0557,Student_557,15,Female,Global Scholars Academy,99,53,99,57,84,392,78.4,0.784
S0958,Student_958,16,Male,Silver Oak High School,96,76,69,70,93,404,80.80000000000001,0.8080000000000002
S0578,Student_578,15,Male,Global Scholars Academy,53,86,53,65,81,338,67.60000000000001,0.676
S0796,Student_796,15,Female,Starlight Academy,50,59,100,87,65,361,72.2,0.722
S0086,Student_86,16,Female,Starlight Academy,63,78,82,56,94,373,74.6,0.746
S0243,Student_243,15,Male,Sunrise High School,56,79,80,83,68,366,73.2,0.732
S0699,Student_699,15,Male,Starlight Academy,54,71,84,94,90,393,78.60000000000001,0.786
S0160,Student_160,15,Male,Bright Future School,59,83,79,87,94,402,80.4,0.804
S0525,Student_525,15,Female,Global Scholars Academy,91,96,83,70,80,420,84.0,0.84
S0036,Student_36,15,Male,Starlight Academy,90,65,61,62,99,377,75.4,0.754
S0541,Student_541,15,Male,Green Valley School,58,69,100,50,83,360,72.0,0.72
S0171,Student_171,15,Female,Green Valley School,59,91,61,67,65,343,68.60000000000001,0.686
S0655,Student_655,16,Female,Oakwood International,77,78,91,65,83,394,78.8,0.7879999999999999
S0891,Student_891,16,Female,Bright Future School,92,85,81,99,62,419,83.8,0.838
S0858,Student_858,16,Female,Green Valley School,76,68,90,86,100,420,84.0,0.84
S0848,Student_848,15,Male,Heritage High School,57,84,91,55,97,384,76.8,0.768
S0945,Student_945,16,Female,Starlight Academy,89,76,52,68,84,369,73.8,0.738
S0734,Student_734,15,Female,Silver Oak High School,75,79,70,66,90,380,76.0,0.76
S0096,Student_96,15,Female,Oakwood International,87,70,79,95,50,381,76.2,0.762
S0564,Student_564,15,Male,Oakwood International,65,86,50,95,86,382,76.4,0.764
S0241,Student_241,16,Female,Blue Ridge Academy,97,95,67,96,83,438,87.6,0.8759999999999999
S0743,Student_743,16,Male,Sunrise High School,52,86,85,88,52,363,72.6,0.726
S0575,Student_575,15,Male,Crescent Public School,96,70,76,73,66,381,76.2,0.762
S0691,Student_691,16,Female,Oakwood International,67,90,93,79,51,380,76.0,0.76
S0461,Student_461,16,Female,Bright Future School,56,81,70,68,81,356,71.2,0.7120000000000001
S0554,Student_554,15,Female,Sunrise High School,75,60,63,80,95,373,74.6,0.746
S0889,Student_889,16,Male,Heritage High School,78,53,58,54,65,308,61.6,0.616
S0207,Student_207,16,Male,Global Scholars Academy,91,56,95,92,51,385,77.0,0.77
S0393,Student_393,16,Male,Starlight Academy,93,72,88,53,93,399,79.80000000000001,0.7980000000000002
S0795,Student_795,15,Female,Heritage High School,72,65,81,94,96,408,81.6,0.816
S0398,Student_398,15,Female,Global Scholars Academy,53,59,54,67,91,324,64.8,0.648
S0767,Student_767,16,Male,Bright Future School,90,78,99,99,83,449,89.8,0.898
S0849,Student_849,16,Male,Blue Ridge Academy,90,70,56,51,88,355,71.0,0.71
S0218,Student_218,16,Male,Silver Oak High School,73,68,83,61,54,339,67.80000000000001,0.6780000000000002
S0005,Student_5,15,Female,Bright Future School,62,98,53,55,51,319,63.8,0.638
S0769,Student_769,15,Male,Sunrise High School,98,84,79,61,88,410,82.0,0.82
S0643,Student_643,15,Female,Crescent Public School,84,70,71,59,84,368,73.6,0.736
S0930,Student_930,15,Female,Heritage High School,74,54,88,83,74,373,74.6,0.746
S0613,Student_613,16,Male,Blue Ridge Academy,78,76,54,59,66,333,66.60000000000001,0.666
S0739,Student_739,16,Male,Heritage High School,71,98,91,56,56,372,74.4,0.7440000000000001
S0547,Student_547,15,Female,Oakwood International,78,91,81,76,58,384,76.8,0.768
S0726,Student_726,15,Female,Silver Oak High School,84,91,71,62,85,393,78.60000000000001,0.786
S0684,Student_684,15,Male,Green Valley School,85,97,63,68,60,373,74.6,0.746
S0099,Student_99,16,Male,Crescent Public School,82,58,79,90,90,399,79.80000000000001,0.7980000000000002
S0805,Student_805,15,Male,Bright Future School,60,99,58,56,63,336,67.2,0.672
S0728,Student_728,15,Male,Crescent Public School,63,93,59,73,64,352,70.39999999999999,0.704
S0574,Student_574,16,Male,Bright Future School,100,65,91,84,94,434,86.8,0.868
S0407,Student_407,15,Female,Oakwood International,63,55,54,64,61,297,59.4,0.594
S0503,Student_503,16,Female,Crescent Public School,56,52,86,51,90,335,67.0,0.67
S0048,Student_48,15,Female,Crescent Public School,88,89,88,74,51,390,78.0,0.78
S0033,Student_33,15,Female,Bright Future School,50,67,100,81,73,371,74.2,0.742
S0780,Student_780,15,Male,Green Valley School,53,72,65,69,94,353,70.6,0.706
S0840,Student_840,16,Male,Starlight Academy,53,56,95,86,62,352,70.39999999999999,0.704
S0201,Student_201,16,Male,Silver Oak High School,97,91,91,94,60,433,86.6,0.866
S0135,Student_135,16,Male,Starlight Academy,73,54,79,68,92,366,73.2,0.732
S0028,Student_28,16,Female,Starlight Academy,59,75,83,77,60,354,70.8,0.708
S0881,Student_881,15,Male,Heritage High School,58,90,75,68,95,386,77.2,0.772
S0231,Student_231,16,Female,Green Valley School,54,87,85,96,72,394,78.8,0.7879999999999999
S0490,Student_490,15,Male,Oakwood International,93,89,96,88,68,434,86.8,0.868
S0773,Student_773,16,Female,Oakwood International,84,90,57,76,61,368,73.6,0.736
S0379,Student_379,16,Male,Silver Oak High School,64,61,92,82,83,382,76.4,0.764
S0289,Student_289,15,Male,Blue Ridge Academy,82,90,69,77,89,407,81.39999999999999,0.814
S0419,Student_419,15,Male,Bright Future School,56,66,70,63,96,351,70.19999999999999,0.7019999999999998
S0675,Student_675,15,Female,Blue Ridge Academy,61,58,87,62,77,345,69.0,0.69
S0392,Student_392,16,Female,Bright Future School,68,98,88,92,95,441,88.2,0.882
S0593,Student_593,16,Female,Green Valley School,88,73,89,67,73,390,78.0,0.78
S0499,Student_499,16,Female,Starlight Academy,88,63,66,88,59,364,72.8,0.728
S0139,Student_139,16,Female,Starlight Academy,94,72,78,51,64,359,71.8,0.718
S0063,Student_63,15,Female,Green Valley School,58,97,80,51,82,368,73.6,0.736
S0472,Student_472,15,Female,Silver Oak High School,87,59,63,81,90,380,76.0,0.76
S0648,Student_648,15,Male,Silver Oak High School,74,73,77,60,74,358,71.6,0.716
S0129,Student_129,16,Female,Oakwood International,84,59,76,72,89,380,76.0,0.76
S0977,Student_977,16,Male,Heritage High School,66,68,59,79,85,357,71.39999999999999,0.714
S0521,Student_521,15,Male,Green Valley School,88,69,100,81,61,399,79.80000000000001,0.7980000000000002
S0839,Student_839,15,Female,Bright Future School,54,76,52,60,82,324,64.8,0.648
S0963,Student_963,16,Male,Crescent Public School,77,85,77,100,87,426,85.2,0.852
S0065,Student_65,15,Female,Crescent Public School,57,60,68,74,70,329,65.8,0.6579999999999999
S0813,Student_813,15,Male,Heritage High School,72,62,66,53,50,303,60.6,0.606
S0015,Student_15,16,Female,Starlight Academy,99,92,88,51,76,406,81.2,0.812
S0157,Student_157,15,Male,Global Scholars Academy,66,80,52,69,65,332,66.4,0.664
S0041,Student_41,15,Female,Oakwood International,70,100,85,89,84,428,85.6,0.856
S0493,Student_493,15,Male,Sunrise High School,97,51,70,71,97,386,77.2,0.772
S0380,Student_380,15,Male,Sunrise High School,53,68,97,65,59,342,68.4,0.684
S0188,Student_188,16,Female,Oakwood International,89,78,92,51,85,395,79.0,0.79
S0764,Student_764,15,Female,Green Valley School,84,88,63,56,89,380,76.0,0.76
S0217,Student_217,16,Female,Silver Oak High School,84,50,61,89,58,342,68.4,0.684
S0792,Student_792,16,Female,Crescent Public School,54,60,56,91,81,342,68.4,0.684
S0053,Student_53,16,Male,Heritage High School,75,81,72,88,64,380,76.0,0.76
S0879,Student_879,16,Female,Starlight Academy,64,91,63,91,56,365,73.0,0.73
S0338,Student_338,16,Male,Sunrise High School,71,68,88,50,67,344,68.8,0.688
S0749,Student_749,15,Female,Crescent Public School,80,70,94,83,81,408,81.6,0.816
S0720,Student_720,16,Female,Bright Future School,67,82,78,54,88,369,73.8,0.738
S0725,Student_725,15,Female,Bright Future School,66,71,99,57,60,353,70.6,0.706
S0296,Student_296,15,Male,Crescent Public School,93,84,87,80,71,415,83.0,0.83
S0702,Student_702,16,Male,Global Scholars Academy,78,91,88,69,86,412,82.39999999999999,0.824
S0252,Student_252,15,Female,Starlight Academy,100,92,81,88,81,442,88.4,0.884
S0727,Student_727,15,Male,Sunrise High School,87,76,63,56,90,372,74.4,0.7440000000000001
S0462,Student_462,16,Female,Blue Ridge Academy,94,70,61,82,82,389,77.8,0.778
S0456,Student_456,15,Female,Oakwood International,95,97,55,86,81,414,82.8,0.828
S0997,Student_997,16,Male,Green Valley School,98,88,97,97,55,435,87.0,0.87
S0816,Student_816,16,Male,Sunrise High School,85,56,74,65,76,356,71.2,0.7120000000000001
S0863,Student_863,15,Male,Crescent Public School,78,83,95,78,66,400,80.0,0.8
S0270,Student_270,16,Male,Bright Future School,51,64,100,75,53,343,68.60000000000001,0.686
S0202,Student_202,16,Female,Bright Future School,67,70,56,62,57,312,62.4,0.624
S0162,Student_162,16,Female,Crescent Public School,73,69,58,82,51,333,66.60000000000001,0.666
S0556,Student_556,15,Male,Oakwood International,77,89,67,82,79,394,78.8,0.7879999999999999
S0730,Student_730,16,Male,Global Scholars Academy,87,79,72,55,60,353,70.6,0.706
S0402,Student_402,15,Male,Bright Future School,52,70,66,66,73,327,65.4,0.654
S0703,Student_703,16,Male,Sunrise High School,59,57,91,89,62,358,71.6,0.716
S0477,Student_477,15,Male,Blue Ridge Academy,85,81,53,58,96,373,74.6,0.746
S0822,Student_822,16,Female,Silver Oak High School,57,72,53,67,73,322,64.4,0.644
S0772,Student_772,16,Female,Green Valley School,95,65,79,100,56,395,79.0,0.79
S0106,Student_106,15,Male,Global Scholars Academy,79,64,73,86,59,361,72.2,0.722
S0566,Student_566,15,Female,Global Scholars Academy,69,83,59,92,77,380,76.0,0.76
S0390,Student_390,15,Male,Starlight Academy,65,72,84,72,89,382,76.4,0.764
S0002,Student_2,16,Male,Oakwood International,85,88,93,91,79,436,87.2,0.872
S0938,Student_938,16,Female,Green Valley School,56,67,94,67,66,350,70.0,0.7
S0983,Student_983,16,Female,Global Scholars Academy,77,94,84,69,53,377,75.4,0.754
S0562,Student_562,15,Male,Global Scholars Academy,77,79,93,53,59,361,72.2,0.722
S0081,Student_81,16,Female,Bright Future School,84,76,74,99,72,405,81.0,0.81
S0206,Student_206,15,Male,Green Valley School,94,98,62,71,100,425,85.0,0.85
S0035,Student_35,16,Female,Blue Ridge Academy,92,96,69,98,98,453,90.6,0.9059999999999999
S0776,Student_776,16,Female,Bright Future School,68,64,87,65,58,342,68.4,0.684
S0509,Student_509,16,Female,Silver Oak High School,60,52,87,82,52,333,66.60000000000001,0.666
S0428,Student_428,15,Male,Blue Ridge Academy,87,55,83,55,100,380,76.0,0.76
S0455,Student_455,15,Male,Sunrise High School,99,76,92,58,85,410,82.0,0.82
S0367,Student_367,16,Male,Green Valley School,57,85,75,65,64,346,69.19999999999999,0.6919999999999998
S0092,Student_92,16,Female,Blue Ridge Academy,56,74,59,71,100,360,72.0,0.72
S0340,Student_340,16,Female,Blue Ridge Academy,96,86,94,74,62,412,82.39999999999999,0.824
S0898,Student_898,16,Female,Crescent Public School,84,71,69,76,51,351,70.19999999999999,0.7019999999999998
S0565,Student_565,16,Female,Oakwood International,85,75,93,67,84,404,80.80000000000001,0.8080000000000002
S0346,Student_346,16,Female,Global Scholars Academy,68,66,91,68,51,344,68.8,0.688
S0777,Student_777,16,Male,Silver Oak High School,65,99,51,70,87,372,74.4,0.7440000000000001
S0242,Student_242,16,Female,Blue Ridge Academy,86,59,62,97,65,369,73.8,0.738
S0014,Student_14,16,Male,Crescent Public School,95,82,94,81,93,445,89.0,0.89
S0316,Student_316,15,Male,Green Valley School,72,91,81,51,78,373,74.6,0.746
S0601,Student_601,16,Male,Oakwood International,66,62,60,83,59,330,66.0,0.66
S0388,Student_388,15,Male,Green Valley School,58,97,98,78,79,410,82.0,0.82
S0274,Student_274,15,Male,Sunrise High School,56,95,66,55,72,344,68.8,0.688
S0167,Student_167,15,Male,Starlight Academy,88,97,70,62,62,379,75.8,0.758
S0841,Student_841,15,Female,Blue Ridge Academy,58,53,74,55,92,332,66.4,0.664
S0993,Student_993,15,Male,Crescent Public School,88,71,87,67,86,399,79.80000000000001,0.7980000000000002
S0647,Student_647,15,Male,Oakwood International,80,69,93,72,89,403,80.60000000000001,0.806
S0819,Student_819,15,Female,Green Valley School,67,100,86,76,51,380,76.0,0.76
S0485,Student_485,15,Female,Bright Future School,91,91,93,62,61,398,79.60000000000001,0.796
S0981,Student_981,16,Male,Sunrise High School,62,59,99,93,90,403,80.60000000000001,0.806
S0505,Student_505,15,Female,Blue Ridge Academy,81,90,92,54,66,383,76.6,0.7659999999999999
S0832,Student_832,16,Female,Starlight Academy,66,56,66,75,63,326,65.2,0.652
S0244,Student_244,16,Male,Green Valley School,60,51,64,54,81,310,62.0,0.62
S0567,Student_567,16,Female,Green Valley School,77,60,50,98,90,375,75.0,0.75
S0876,Student_876,15,Female,Blue Ridge Academy,82,85,79,81,88,415,83.0,0.83
S0563,Student_563,15,Female,Crescent Public School,66,84,79,52,83,364,72.8,0.728
S0687,Student_687,16,Female,Starlight Academy,57,81,60,100,82,380,76.0,0.76
S0190,Student_190,16,Male,Starlight Academy,95,52,96,56,78,377,75.4,0.754
S0783,Student_783,15,Male,Starlight Academy,80,94,77,85,92,428,85.6,0.856
S0700,Student_700,15,Male,Global Scholars Academy,94,59,65,97,58,373,74.6,0.746
S0476,Student_476,15,Female,Bright Future School,51,73,81,88,61,354,70.8,0.708
S0682,Student_682,15,Female,Blue Ridge Academy,96,71,71,100,61,399,79.80000000000001,0.7980000000000002
S0511,Student_511,15,Female,Heritage High School,50,96,62,52,55,315,63.0,0.63
S0059,Student_59,16,Male,Global Scholars Academy,51,62,51,80,100,344,68.8,0.688
S0475,Student_475,16,Male,Starlight Academy,54,80,54,96,91,375,75.0,0.75
S0561,Student_561,16,Female,Green Valley School,56,72,64,91,65,348,69.6,0.696
S0857,Student_857,16,Female,Heritage High School,68,57,87,84,96,392,78.4,0.784
S0748,Student_748,15,Female,Blue Ridge Academy,69,62,85,51,93,360,72.0,0.72
S0253,Student_253,16,Female,Starlight Academy,83,64,78,75,66,366,73.2,0.732
S0022,Student_22,15,Female,Crescent Public School,79,82,63,55,77,356,71.2,0.7120000000000001
S0314,Student_314,16,Male,Crescent Public School,93,94,72,56,62,377,75.4,0.754
S0460,Student_460,16,Female,Green Valley School,54,98,83,97,58,390,78.0,0.78
S0161,Student_161,16,Female,Blue Ridge Academy,98,77,73,75,95,418,83.6,0.836
S0277,Student_277,16,Female,Blue Ridge Academy,91,80,91,78,65,405,81.0,0.81
S0956,Student_956,15,Male,Oakwood International,65,84,86,81,82,398,79.60000000000001,0.796
S0192,Student_192,16,Male,Oakwood International,93,88,67,86,95,429,85.8,0.858
S0386,Student_386,16,Female,Starlight Academy,92,78,72,88,52,382,76.4,0.764
S0806,Student_806,16,Male,Silver Oak High School,91,92,86,86,90,445,89.0,0.89
S0414,Student_414,15,Male,Bright Future School,60,81,60,79,73,353,70.6,0.706
S0492,Student_492,15,Male,Silver Oak High School,54,56,89,52,87,338,67.60000000000001,0.676
S0344,Student_344,15,Female,Oakwood International,87,87,83,55,86,398,79.60000000000001,0.796
S0770,Student_770,15,Female,Silver Oak High School,89,71,95,77,85,417,83.39999999999999,0.834
S0309,Student_309,16,Female,Silver Oak High School,54,74,91,90,51,360,72.0,0.72
S0662,Student_662,16,Male,Crescent Public School,75,90,52,76,71,364,72.8,0.728
S0131,Student_131,16,Female,Global Scholars Academy,72,90,71,93,52,378,75.6,0.7559999999999999
S0664,Student_664,16,Female,Silver Oak High School,91,88,51,61,58,349,69.8,0.698
S0872,Student_872,16,Male,Sunrise High School,77,83,80,77,99,416,83.2,0.8320000000000001
S0100,Student_100,16,Female,Oakwood International,61,59,82,67,87,356,71.2,0.7120000000000001
S0373,Student_373,16,Male,Oakwood International,98,66,92,69,64,389,77.8,0.778
S0088,Student_88,15,Male,Crescent Public School,64,67,50,82,75,338,67.60000000000001,0.676
S0459,Student_459,15,Male,Crescent Public School,61,62,100,57,81,361,72.2,0.722
S0331,Student_331,15,Female,Silver Oak High School,82,70,62,96,57,367,73.4,0.7340000000000001
S0215,Student_215,15,Female,Sunrise High School,72,72,60,96,51,351,70.19999999999999,0.7019999999999998
S0467,Student_467,15,Female,Green Valley School,60,95,55,73,86,369,73.8,0.738
S0122,Student_122,15,Female,Heritage High School,99,56,97,90,70,412,82.39999999999999,0.824
S0615,Student_615,16,Female,Oakwood International,63,91,60,75,63,352,70.39999999999999,0.704
S0021,Student_21,16,Female,Silver Oak High School,64,62,69,56,80,331,66.2,0.662
S0701,Student_701,15,Female,Starlight Academy,79,83,100,85,93,440,88.0,0.88
S0072,Student_72,15,Female,Blue Ridge Academy,90,57,67,86,99,399,79.80000000000001,0.7980000000000002
S0107,Student_107,16,Female,Sunrise High School,87,96,81,57,58,379,75.8,0.758
S0271,Student_271,15,Male,Silver Oak High School,68,81,88,93,58,388,77.60000000000001,0.7760000000000001
S0861,Student_861,16,Male,Oakwood International,71,54,71,57,69,322,64.4,0.644
S0436,Student_436,15,Female,Sunrise High School,100,84,89,92,57,422,84.39999999999999,0.8439999999999999
S0103,Student_103,16,Male,Green Valley School,60,56,67,87,65,335,67.0,0.67
